actors,boxoffice,directors,time,title,type
"崔胜铉,张柏芝,迈克尔·特瑞威诺",,"阿克塞尔·塞德,林韬",2017,失控·幽灵飞车,"动作,爱情"
"广濑铃,菅田将晖,松隆子",7866万,"新房昭之,武内宣之","2017,12,01",烟花,"爱情,动画,奇幻"
"迈克尔·法斯宾德,凯瑟琳·沃特森,比利·克鲁德普,卡门·艾乔戈",3.11亿,雷德利·斯科特,"2017,06,16",异形：契约,"恐怖,科幻"
"科林·费斯,塔伦·埃格顿,朱丽安·摩尔,马克·斯特朗",4.74亿,马修·沃恩,"2017,10,20",王牌特工2：黄金圈,"动作,冒险,喜剧"
"周星驰,朱茵,莫文蔚,蔡少芬",1.78亿,刘镇伟,"2014,10,24",大话西游之大圣娶亲,"喜剧,爱情,奇幻"
"米拉·乔沃维奇,伊恩·格雷,艾丽·拉特,鲁比·罗丝",11.09亿,保罗·安德森,"2017,02,24",生化危机：终章,"动作,惊悚,科幻"
"殷果儿,刘小奇,闫薇儿,宋嘉豪",266万,陆诗雷,"2017,10,20",恐怖电影院2,"恐怖,惊悚"
"安迪·瑟金斯,伍迪·哈里森,加布里埃尔·查瓦里亚,史蒂夫·茨恩",7.41亿,马特·里夫斯,"2017,09,15",猩球崛起3：终极之战,"剧情,动作,科幻"
"狄龙,张国荣,周润发,朱宝意",3262万,吴宇森,"2017,11,17",英雄本色,"剧情,动作,犯罪"
"约翰尼·德普,哈维尔·巴登,布兰顿·思怀兹",11.80亿,"乔阿吉姆·罗恩尼,艾斯彭·山德伯格","2017,05,26",加勒比海盗5：死无对证,"喜剧,动作,奇幻"
"古天乐,吴樾,林家栋,克里斯·柯林斯",5.23亿,叶伟信,"2017,08,17",杀破狼·贪狼,"剧情,动作,犯罪"
"邓紫棋,韩寒,徐小凤,曹格",327万,尼克·维克汉姆,"2017,01,06",一路逆风,"音乐,纪录片"
"黄轩,染谷将太,张雨绮,秦昊",5.30亿,陈凯歌,"2017,12,22",妖猫传,"爱情,奇幻"
"张涵予,福山雅治,戚薇,河智苑",1.06亿,吴宇森,"2017,11,24",追捕,"剧情,动作,悬疑"
"李东学,迈克·泰森,安妮克·阿斯克渥德,李艾",1015万,檀冰,"2017,06,16",中国推销员,"剧情,动作,战争"
"菲恩·怀特海德,汤姆·格林-卡尼,杰克·劳登,哈里·斯泰尔斯",3.40亿,克里斯托弗·诺兰,"2017,09,01",敦刻尔克,"剧情,战争,历史"
"汤姆·克鲁斯,索菲亚·波多拉,罗素·克洛,安娜贝拉·弗朗西斯·沃丽丝",6.26亿,艾里克斯·库兹曼,"2017,06,09",新木乃伊,"动作,冒险,奇幻"
"张艾嘉,田壮壮,郎月婷,宋宁峰",1827万,张艾嘉,"2017,11,03",相爱相亲,"剧情,爱情,家庭"
"成龙,皮尔斯·布鲁斯南,刘涛,梁佩诗",5.40亿,马丁·坎贝尔,"2017,09,30",英伦对决,"剧情,动作,犯罪"
"成龙,李治廷,张艺兴,索努·苏德",17.49亿,唐季礼,"2017,01,28",功夫瑜伽,"喜剧,动作,冒险"
"杨培,尼玛扎堆,扎西达娃,色巴江措",1.00亿,张杨,"2017,06,20",冈仁波齐,剧情
"蔡卓妍,周柏豪,钟欣潼,卫诗雅",7545万,邱礼涛,"2017,06,23",原谅他77次,爱情
"刘德华,舒淇,张静初,杨祐宁",2.37亿,冯德伦,"2017,08,11",侠盗联盟,"动作,冒险,犯罪"
"黄渤,徐静蕾,段奕宏,杨子姗",2.93亿,陈正道,"2017,04,28",记忆大师,"剧情,悬疑,犯罪"
"姜文轩,聂晶磊,刘力源,王泽奇",,尚永峰,"2017,04,26",爱上吸血鬼,爱情
,,"乔诗语,刘校妤,杨天翔","2017,07,28",狐妖小红娘剧场版：千颜,"剧情,爱情,奇幻"
"林德信,雷琛瑜,张继聪,吴浣仪",,梁国斌,"2017,03,30",死开啲啦,"惊悚,剧情"
"夏一可,陶典,孙晔,董汪汪",,董汪汪,"2017,04,28",幻镜诺德琳,"剧情,动画,奇幻,冒险"
"郑拓疆,徐冰,齐超",,麦田,"2017,04,30",我在清朝当密探,"喜剧,普通话,网络大电影,独播"
,,张智焜,"2017,07,22",上师之路,"纪录片,传记"
"刘红韵,申克,李思娴,周岩",176万,傅燕,"2015,05,30",超能兔战队,"喜剧,动画,科幻"
"郭天杰,泽仁拉姆,苏静",,郭坚,"2017,05,10",午夜办公室,"喜剧,惊悚,恐怖"
,,,"2017,10,06",钢铁麦克,
"李果,闫鹿杨,朱洪振,谢钟灵",91万,戴维,"2017,07,21",谜域之噬魂岭,"惊悚,悬疑,科幻"
,,,"2017,05,24",我的吸血鬼学姐,
"郑晓宁,安柏伊",57万,西尔扎提·亚合甫,"2017,04,20",塔克拉玛干的鼓声,剧情
"郑拓疆,老豹,桑娜,赵滨",,麦田,"2017,06,23",八仙归位,古装
,,朴树,"2017,04,14",去见恒河,"纪录片,短片"
"钟熠璠,陈相丞,庄则熙",3万,"原雅轩,王长虹","2017,10,27",红剪花,剧情
,,,"2017,06,19",YOU,
"郝平,张潮,李思睿,刘冠麟",,王野,"2017,06,22",红线2017,"剧情,悬疑,犯罪"
"夏望,崔菁格,李子雄",13万,"马爱民,林千译","2017,02,12",一树一树紫花开,剧情
"杜鹃,张若昀",,夏永康,"2017,06,20",一刻邂逅,"爱情,短片"
,,,"2017,03,18",荒野游侠记,"纪录片,冒险,运动"
,,,2017,济公伏魔,剧情
,,"胡凯莉,王磊,王潇","2017,07,04",国境线,剧情
"李胜素,于魁智,袁慧琴,杨赤",48万,夏钢,"2017,04,21",穆桂英挂帅,戏曲
"蒋欣悦,郝平,郝洋,周雨铭",,徐炜翔,"2017,12",战斧行动,"剧情,犯罪"
"朱元冰,杨霖,叶斯琦,张芷然",,杨晓波,"2017,02,10",超级小郎中之降龙戒,"喜剧,古装"
,,"梁家仁,黄志玮","2017,03,02",展昭夜遇女司机,"喜剧,悬疑,奇幻"
,,"丛林,王璐瑶,杨少华,谢林彤","2017,11,28",长官传奇,"剧情,战争,历史"
,,,"2017,04,23",绝境求生,纪录片
,,"姜寒,肖旭,衣云鹤,李晓强,王子睿","2017,02,10",醒醒吧之道德骑士,喜剧
,,陈安娜,2017,玩命爱一个姑娘,"喜剧,爱情"
"早见沙织,入野自由,松冈茉优,悠木碧",4454万,山田尚子,"2017,09,08",声之形,"剧情,爱情,动画"
"小连杀,图特哈蒙,金士杰,幽舞越山",8760万,不思凡,"2017,07,13",大护法,"动画,冒险,奇幻"
"吴亦凡,林更新,姚晨",16.52亿,"徐克,周星驰","2017,01,28",西游伏妖篇,"喜剧,动作,奇幻"
"李晨,范冰冰,王千源,李佳航",3.19亿,李晨,"2017,09,29",空天猎,"动作,战争"
"戴恩·德哈恩,卡拉·迪瓦伊,克里夫·欧文,罗比恩·蕾哈娜·芬缇",4.10亿,吕克·贝松,"2017,08,25",星际特工：千星之城,"动作,冒险,科幻"
"金城武,周冬雨,孙艺洲,奚梦瑶",2.11亿,许宏宇,"2017,04,27",喜欢·你,"喜剧,爱情"
"刘亦菲,杨洋,罗晋",5.35亿,"赵小丁,安东尼·拉默里纳拉","2017,08,03",三生三世十里桃花,"爱情,奇幻,古装"
"冯绍峰,刘亦菲,李光洁,郭京飞",2.92亿,肖洋,"2017,12,29",二代妖精之今生有幸,"喜剧,爱情,奇幻"
"瑞恩·高斯林,哈里森·福特,安娜·德·阿玛斯,杰瑞德·莱托",7696万,丹尼斯·维伦纽瓦,"2017,10,27",银翼杀手2049,"剧情,科幻,惊悚"
"张智霖,梅婷,钟欣潼,耿乐",2.19亿,钱人豪,"2017,07,06",京城81号2,"剧情,惊悚,悬疑"
"周迅,彭于晏,霍建华,郭涛",6342万,许鞍华,"2017,07,01",明月几时有,"剧情,战争,历史"
程东,,杨志坚,"2017,10,31",山海经破蛊师：食梦貘,"剧情,动作,奇幻"
"成龙,罗志祥,欧阳娜娜,夏侯云姗",3.05亿,张立嘉,"2017,12,22",机器之血,"喜剧,动作,科幻"
"曼迪·帕廷金,黛米·洛瓦托,雷恩·威尔森,乔·曼根尼罗",1.74亿,凯利·阿斯博瑞,"2017,04,21",蓝精灵：寻找神秘村,"动画,冒险,家庭"
"李易峰,廖凡,万茜,李纯",3.04亿,谢东燊,"2017,08,11",心理罪,"动作,悬疑,犯罪"
"吴君如,沈腾,岳云鹏,张译",3.63亿,吴君如,"2017,12,29",妖铃铃,"喜剧,恐怖"
"王霙,保剑锋,董勇,张一山",7386万,陈力,"2017,06,30",血战湘江,"剧情,战争,历史"
"松冈祯丞,户松遥,伊藤加奈惠,竹达彩奈",5392万,伊藤智彦,"2017,09,15",刀剑神域：序列之争,"动画,动作,冒险"
"肯尼思·布拉纳,刘风,约翰尼·德普,王千源",2.30亿,肯尼思·布拉纳,"2017,11,10",东方快车谋杀案,"剧情,悬疑,犯罪"
"李微漪,亦风",3299万,亦风,"2017,06,16",重返·狼群,纪录片
"杰克·吉伦哈尔,丽贝卡·弗格森,瑞安·雷诺兹,真田广之",1.36亿,丹尼尔·伊斯皮诺萨,"2017,05,19",异星觉醒,"恐怖,惊悚,科幻"
"杨千嬅,余文乐,蒋梦婕,陈逸宁",1.76亿,彭浩翔,"2017,04,28",春娇救志明,"剧情,喜剧,爱情"
"加里·奥德曼,克里斯汀·斯科特·托马斯,莉莉·詹姆斯,本·门德尔森",3732万,乔·赖特,"2017,12,01",至暗时刻,"剧情,历史,传记"
"斯嘉丽·约翰逊,皮鲁·埃斯贝克,迈克尔·皮特,北野武",2.02亿,鲁伯特·桑德斯,"2017,04,07",攻壳机动队,"动作,科幻,犯罪"
"杨幂,霍建华,金士杰,刘畅",2.01亿,尹鸿承,"2017,06,29",逆时营救,"动作,科幻"
"迈克尔·法斯宾德,玛丽昂·歌迪亚,迈克尔·肯尼斯·威廉姆斯,杰瑞米·艾恩斯",1.61亿,贾斯汀·库泽尔,"2017,02,24",刺客信条,"动作,冒险,奇幻"
"郭富城,王千源,刘涛,余皑磊",6465万,连奕琦,"2017,08,17",破·局,"动作,犯罪"
"本·威士肖,杜江,休·格兰特,莎莉·霍金斯",2.06亿,保罗·金,"2017,12,08",帕丁顿熊2,"喜剧,动画,冒险"
"王迅,曾志伟,梁超,潘斌龙",5447万,王丹,"2017,12,01",这就是命,"喜剧,犯罪"
"迪丽热巴,张云龙,高伟光",1.24亿,"李海蜀,黄彦威","2017,04,20",傲娇与偏见,"喜剧,爱情"
"欧文·威尔逊,黄磊,艾米·汉莫,张艺兴",1.37亿,布莱恩·菲,"2017,08,25",赛车总动员3：极速挑战,"喜剧,动画,冒险"
"胡军,余男,凤小岳,秦昊",1361万,胡雪桦,"2017,02,17",上海王,剧情
"易烊千玺,陈志荣,彭雨菲",4591万,"陆锦明,钟裕","2017,01,07",猪猪侠之英雄猪少年,"喜剧,动画,奇幻"
"马修·麦康纳,大鹏,瑞茜·威瑟斯彭",2.16亿,"加斯·詹宁斯,克里斯托夫·卢尔德莱","2017,02,17",欢乐好声音,"喜剧,动画,音乐"
"张子枫,张逸杰,成梓宁,李砚",4072万,杨永春,"2017,06,09",李雷和韩梅梅——昨日重现,"剧情,喜剧,爱情"
"李易峰,雎晓雯",,曾国祥,"2017,11,21",独角戏,短片
"刘德华,姜武,宋佳,姜皓文",4.00亿,邱礼涛,"2017,04,28",拆弹·专家,"动作,悬疑,犯罪"
"霍卫民,罗芸,孙黎,邵胜杰",1078万,忻钰坤,"2015,10,16",心迷宫,"剧情,悬疑,犯罪"
"郭德纲,岳云鹏,张小斐",6685万,"黎继强,张子栋","2017,03,24",欢乐喜剧人,喜剧
"道格拉斯·布斯,赵天宇,罗伯特·古拉奇克",6873万,"多洛塔·科别拉,休·韦尔什曼","2017,12,08",至爱梵高·星空之谜,"剧情,动画,传记"
"瑞安·雷诺兹,塞缪尔·杰克逊,萨尔玛·海耶克",1.40亿,"帕特里克·休斯,杰夫·瓦德洛","2017,09,22",王牌保镖,"喜剧,动作,犯罪"
"水田山葵,山新,大原惠美,黎筱濛",1.49亿,高桥敦史,"2017,05,30",哆啦A梦：大雄的南极冰冰凉大冒险,"动画,冒险"
"毛银梅,何玉珍,李凤云,张先兔",1.71亿,郭柯,"2017,08,14",二十二,纪录片
"张晋,余文乐,文咏珊,吴樾",6781万,李子俊,"2017,11,10",狂兽,"剧情,动作,犯罪"
"陈学冬,张孝全,桂纶镁,蒋梦婕",5585万,彭顺,"2017,12,08",巨额来电,"剧情,犯罪"
"安塞尔·艾尔高特,莉莉·詹姆斯,凯文·史派西,杰米·福克斯",1.09亿,埃德加·赖特,"2017,08,25",极盗车神,"爱情,动作,犯罪"
"王宝强,白客,岳云鹏,柳岩",7.56亿,王宝强,"2017,01,28",大闹天竺,"喜剧,动作,冒险"
"文淇,周美君,史可,耿乐",2223万,文晏,"2017,11,24",嘉年华,"剧情,悬疑"
"赵文卓,洪金宝,万茜,小出惠介",6512万,陈嘉上,"2017,05,27",荡寇风云,"动作,战争,历史"
"吴军,王莎莎,杨心仪,杨宸鉴",28万,钟海,"2017,09,09",旋风女队,"家庭,运动"
"塞巴斯蒂安·斯萨克,艾琳娜·拉尼娜,安东·庞布施尼,瓦谢斯拉夫·拉贝戈耶夫",2023万,萨里·奥德赛耶,"2017,05,19",守护者：世纪战元,"动作,冒险,科幻"
"章子怡,李宇春,勒布朗·詹姆斯,法瑞尔·威廉姆斯",,大卫·希尔,"2017,11,10",2017天猫双十一狂欢夜,歌舞
"郭德纲,于谦,岳云鹏,郭麒麟",1791万,张鹤栾,"2017,12,01",相声大电影之我要幸福,"剧情,喜剧"
"艾丽·范宁,佟心竹,卡莉·蕾·杰普森",4020万,"埃里克·韦林,艾瑞克·莎莫","2017,02,01",了不起的菲丽西,"喜剧,动画,冒险"
"威尔·阿奈特,扎克·加利凡纳基斯,迈克尔·塞拉,罗莎里奥·道森",4199万,克里斯·麦凯,"2017,03,03",乐高蝙蝠侠大电影,"喜剧,动画,动作"
"大鹏,范伟,张天爱,乔杉",1.25亿,袁卫东,"2017,07,21",父子雄兵,"剧情,喜剧"
"黄轩,段奕宏,祖峰",1.56亿,"麦兆辉,潘耀明","2017,03,31",非凡任务,"剧情,动作,犯罪"
"卡西·阿弗莱克,卢卡斯·赫奇斯,米歇尔·威廉姆斯,凯尔·钱德勒",818万,肯尼斯·罗纳根,"2017,08,25",海边的曼彻斯特,"剧情,家庭"
"克里斯托弗·L·帕森,孟令军,帕皮·福克纳",5622万,"本·斯塔森,杰里米·德格鲁森","2017,10,14",我的爸爸是森林之王,"喜剧,动画"
"王力宏,撒贝宁,中曾根梨乃",240万,"王力宏,Bertha Bay-Sa Pan","2017,10,20",火力全开,"音乐,纪录片"
,,刘畅,2017,20岁,喜剧
"高晓攀,尤宪超,于莎莎",1210万,"高晓攀,孙集斌","2017,11,10",兄弟，别闹！,"剧情,喜剧"
"古天乐,马丽,刘楚恬,黄星羱",4476万,陈木胜,"2017,07,14",喵星人,"喜剧,家庭,奇幻"
"李正翔,洪海天,陶典",5064万,"李炼,狄菲菲","2017,10,01",昆塔：反转星球,"动画,科幻"
"段奕宏,余男,王景春,成泰燊",5026万,常征,"2017,11,24",引爆者,"动作,犯罪"
,,,"2017,08,14",新成龙历险记,"动画,家庭,冒险"
"陈飞宇,欧阳娜娜,邹元清,张诚航",796万,连奕琦,"2017,07,07",秘果,"剧情,爱情"
"张亚奇,余梦寒,郑礼宇",,陆春伟,"2017,12,01",游戏世界：绝地求生,"剧情,科幻,动作"
"斯蒂芬·马布里,何冰,吴尊,锦荣",890万,杨子,"2017,08,04",我是马布里,"剧情,运动"
"艾米·亚当斯,杰瑞米·雷纳,福里斯特·惠特克,迈克尔·斯图巴",1.09亿,丹尼斯·维伦纽瓦,"2017,01,20",降临,"悬疑,冒险,科幻"
"卢正雨,郭采洁,范伟,蔡国庆",1.01亿,卢正雨,"2017,07,07",绝世高手,"喜剧,动作"
"贾乃亮,马丽,梁超,王迅",1.06亿,郭大雷,"2017,02,03",东北往事之破马张飞,"喜剧,动作"
"郑恺,张雨绮,谢依霖",9176万,"王晶,钟少雄","2017,11,17",降魔传,"喜剧,奇幻"
"刘佩琦,曹云金,李子雄,范志博",6535万,高峰,"2017,08,04",龙之战,"动作,战争,历史"
"皇贞季,山新,郝翔海",1.34亿,"卢恒宇,李姝洁","2017,08,18",十万个冷笑话2,"喜剧,动画,奇幻"
"李玉峰,高强,于月仙,王玉宁",2555万,谈宜之,"2017,06,09",忠爱无言,"剧情,家庭"
"赵煦,王永成,阎三元,陶蠡",,李嘉,"2017,07,11",远游,
"姜超,于咏琳,高姝瑶",1万,"徐艺华,梅园","2017,06,09",黄粱一梦,"剧情,喜剧"
"张洋,赵东泽",,刘国辉,"2017,12,06",特战王妃4自由之路,"剧情,动作,爱情,奇幻"
"郭富城,赵丽颖,张翰,任达华",7954万,钟少雄,"2017,11,03",密战,"剧情,动作,战争"
"王佳宇,王燕阳,关思慧,涂圣成",,韩志,"2017,09,18",爱国岛,"剧情,历史,战争"
"代雨丹,吴子霏,韩潮,范志雄",,张路,"2017,07,28",激斗街篮,"剧情,运动"
"宣言,刘静怡,赵叶索,邱士鉴",,刘政,"2017,06,15",古墓奇谭,"剧情,动作,科幻,悬疑,惊悚"
"泽纳亚达·亚诺维斯基,尼希米·基什,伊丽莎白·麦戈利安,加里·艾维斯",,Ross MacGibbon,"2017,12,17",天鹅湖,"剧情,舞台艺术"
,,"杨锦斌,班杰",2017,追击者,"剧情,惊悚,犯罪"
,,"杨皓宇,崔楠","2017,07,14",早上的五点到六点,"剧情,短片"
"李靓雨,张越宁,魏凡剀,李大宝",15万,韩汶青,"2017,09,22",遗忘空间,"惊悚,悬疑"
,,,"2017,04,28",超能嗨战队,"科幻,动作,魔幻,普通话,功夫,高大上,荒诞,网络大电影,独播"
,,,"2017,12,03",Breaker,"科幻,奇幻,冒险"
"刘一含,刘畅,战卫华,邓杨宁",44万,孟奇,"2017,09,22",娘子军传奇,"剧情,战争"
"余文乐,曾志伟,方皓玟,金燕玲",940万,黄进,"2017,04,07",一念无明,"剧情,家庭"
"奥兰多·布鲁姆,吴磊,任达华,昆凌",1762万,查尔斯·马丁,"2017,09,30",极致追击,"动作,犯罪,冒险"
"大卫·拜德拉,奥莉薇娅·柯尔曼,蒂娜·德赛,马克·莫拉根",2144万,大卫·斯特登,"2017,09,22",托马斯大电影之了不起的比赛,"动画,家庭"
"黄渤,吴君如,黄秋生,宋丹丹",8780万,谢立文,"2009,07,24",麦兜响当当,"喜剧,动画,家庭"
"陈都灵,林柏宏,汪铎,郝劭文",1023万,张天辉,"2017,11,24",推理笔记,"剧情,悬疑"
"保罗·吉亚玛提,约翰·古德曼,贝拉·索恩",257万,"杰瑞卡·克莱兰,凯文·芒罗","2017,05,27",银河守卫队,"动画,冒险,科幻"
"林依晨,姜武,陈晓,惠英红",1504万,朴裕焕,"2017,04,21",神秘家族,"剧情,悬疑,犯罪"
"潘延,范楚绒,胡谦",4329万,"速达,李晔","2017,07,28",大耳朵图图之美食狂想曲,"喜剧,动画,冒险"
"海伦·米伦,亚伦·保尔,艾伦·瑞克曼,伊恩·格雷",EE83ED62F0FDF0FD万,加文·胡德,"2017,01,13",天空之眼,"剧情,悬疑,战争"
"丹尼·伯恩,爱丽丝·波尔,安·玛丽文,阿兰·杜泰",498万,丹尼·伯恩,"2017,12,08",疯狂特警队,"喜剧,动作"
"罗伯特·雷德福,成龙,佐佐木藏之介",4778万,"彼得·韦柏,理查德·戴尔","2017,08,11",地球：神奇的一天,纪录片
"阿特·帕金森,马修·麦康纳,查理兹·塞隆,拉尔夫·费因斯",4369万,特拉维斯·奈特,"2017,01,13",魔弦传说,"动画,奇幻,冒险"
"陈圆,刘俐儿,宋伟,聂晶磊",244万,陆诗雨,"2017,08,18",恐怖毕业照2,"恐怖,惊悚"
"金巴,曲尼次仁,夏诺·扎西敦珠,益西旦增",329万,张杨,"2017,08,18",皮绳上的魂,"科幻,奇幻,西部"
"刘劲,王晖,吴京安",131万,"周琦,马德林","2017,03,28",领袖1935,"剧情,历史"
"连姆·尼森,刘易斯·麦克杜格尔,菲丽希缇·琼斯,西格妮·韦弗",1455万,胡安·安东尼奥·巴亚纳,"2017,05,19",当怪物来敲门,"剧情,奇幻"
"柯震东,林依晨,张晓龙",,"柯孟融,戚家基","2017,12,15",不倒侠,"爱情,科幻"
"苏查拉·玛娜英,李川,陈立谦,卢洋",1149万,李勇昌,"2017,10,12",怨灵2,"恐怖,惊悚,悬疑"
"安吉拉·嘉鲁皮,张震,海伦·波斯瓦拉·乐卡克",4320万,"让-弗朗索瓦·波略特,弗兰克·布里森","2017,04,01",冰雪大作战,"动画,喜剧,家庭"
"范伟,贾静雯,刘俊昊,薛之谦",3740万,王啸坤,"2017,04,01",有完没完,"剧情,喜剧,爱情"
"刘青云,林家栋,江一燕,古天乐",4025万,刘国昌,"2017,05,12",毒。诫,"剧情,犯罪,传记"
"李扬,陈道明,姚晨",4207万,"速达,陈志宏","2017,10,13,18,00",大闹天宫,动画
"丁莹莹,杨进,卢瑶,苏子芜",1073万,杨广福,"2017,12,30",咕噜咕噜美人鱼2,"喜剧,动画,冒险"
"朱一龙,姜瑞佳,徐光宇,杨大鹏",467万,朱时茂,"2017,10,20",胡杨的夏天,"喜剧,爱情,歌舞"
"周渝民,薛凯琪,郑中基,高捷",2430万,谷德昭,"2017,11,10",天生不对,"喜剧,爱情"
,,"方刚亮,史昂",2017,娜娜,剧情
"戴夫·帕特尔,鲁妮·玛拉,大卫·文翰,妮可·基德曼",1717万,加斯·戴维斯,"2017,06,22",雄狮,剧情
"谢霆锋,葛优,郑容和,唐嫣",1.22亿,叶伟民,"2017,02,10",决战食神,"喜剧,爱情,家庭"
"陈柏霖,林允,张云龙,秦沛",547万,王郢,"2017,12,08",假如王子睡着了,"喜剧,爱情"
,,王闯,"2017,11,26",大海寺,剧情
"薛飞,张楚楚",,于敏,"2017,08,11",九天玄鸟,"剧情,爱情"
,,,"2017,09,20",路随心定,"纪录片,音乐"
,,,"2017,01,06",西游记之三圣归来,"剧情,喜剧,爱情,奇幻"
,,马可·帕尼加尼,"2017,07,07",梵蒂冈博物馆3D,纪录片
"白恩,吕星辰,赫子铭",1033万,"廖希,韩平","2017,09,22",捍卫者,"剧情,战争,历史"
"侯勇,大张伟,金晨,曲哲明",4099万,王巍,"2017,10,01",钢铁飞龙之再见奥特曼,"动画,动作,科幻"
"焦晃,富大龙,马伊琍,王子文",,胡玫,"2017,10",进京城,"剧情,古装,历史"
"邓超,阮经天,刘诗诗,余皑磊",2.24亿,徐纪周,"2017,12,22",心理罪之城市之光,"剧情,动作,犯罪"
,,"巴里·库克,伊恩·迈克格",2017,悟空,"科幻,动画,奇幻,冒险"
"亚伦·保尔,肖恩·宾,琳娜·海蒂,阿德里安·布薛特",2873万,野末武志,"2017,03,10",最终幻想15：王者之剑,"动作,科幻"
"窦骁,张钧甯,邬君梅,吴刚",228万,李远,"2017,07,19",六人晚餐,"剧情,爱情"
"王陈怡娴,程愫,岳红,王虎城",2万,高一功,"2017,12,29",党员登记表,"剧情,战争"
"朱茵,杜天皓,黄征,王志飞",2616万,戴玮,"2017,08,31",二次初恋,"喜剧,爱情,奇幻"
"保剑锋,隋源,孙茜,李木子",1139万,刘抒鹃,"2017,10,17",你若安好,"剧情,爱情"
"张正中,吴君如,许飞,黄秋生",4890万,谢立文,"2012,07,10",麦兜当当伴我心,"喜剧,动画"
姚明,,许慧晶,"2017,05",筑梦者姚明CHANGE,"纪录片,传记,运动"
,,"黄婷婷,陆婷,赵粤,万丽娜,许佳琪","2017,11,18",SNH48第三届年度风尚大赏,"纪录片,真人秀"
,,苏照彬,2017,幽灵旗,剧情
,,,2017,诸神下凡之床神,动画
,,"刘志敏,常芮","2017,05,19",天降机器女仆,"动作,爱情,科幻"
"郑清文,孙金良,聂琳峰,张建国",,张艺飞,"2017,12,29",花园农家,剧情
张植绿,,王育臣,2017,死命力,"喜剧,惊悚,短片,奇幻"
,,"曹奥雪,马维希,刘名洋,海岩刚","2017,03,21",我的狐仙室友,"奇幻,爱情"
,,"李俐杰,黄思嘉","2017,07,14",爱上女主播,"剧情,爱情,惊悚"
"逯军,吴超,李骥",,"那临,李维东","2017,07,20",失踪者,"悬疑,犯罪"
,,"聂玫,张德晖","2017,08,24",不如我们从头来过,剧情
,,杨凯迪,"2017,01,06",还魂夜之梦妻,
,,"千本木彩花,山下诚一郎,上坂堇","2017,12,18",人力战舰！？汐风泽风2,动画
,,,"2017,01,03",洗人,"喜剧,惊悚"
,,许子轩,"2017,04,22",姐姐离开的假期,"剧情,爱情,短片,家庭"
韦依,,余斌,"2017,02,14",小食堂,爱情
,,,"2017,02,19",The Projects: Rise of Redemption,动作
,,"张新成,马丹阳,王骊亚","2017,01,12",贴身萌妹腹黑计划,"喜剧,爱情,科幻"
,,海歌,"2017,01,09",追凶报道,
"吴青芸,王玉璋,张宁益,牟凤彬",24万,钟光琳,"2017,06,30",海鹰战警,剧情
,,,"2017,06,17",神秘之旅,动画
,,,2017,斑羚飞渡,动画
,,,2017,一别·百年,
濡雪,,亮子,2017,奔跑吧 逃兵,"剧情,喜剧,战争"
,,黎波,2017,小镇银行大劫案,剧情
,,徐洋,2017,日落黄昏,剧情
"周晓鸥,黄莉,黄中原,王铮亮",,王靖,"2017,09",圈儿,爱情
,,"洪倩,焦妮,张优,王盛",2017,七仙女之勤奇梳化,"奇幻,剧情"
,,李龙俊,2017,来路不明,剧情
"张超,赵祥博",,赵祥博,2017,什么是兄弟,"喜剧,爱情"
,,,"2017,01,05",人鬼罪未了,"悬疑,犯罪"
"潘春春,于婷婷,沈梦瑶,王千一",,吴琼,"2017,09",梦春记,"喜剧,爱情,悬疑,情色,犯罪,冒险"
,,叶伟民,2017,天灵灵,"惊悚,魔幻"
"沈韵菲,宫政,陈潇",,何泰然,"2017,05,04",双面男模之桃花期,"喜剧,爱情,奇幻"
韩乙宁,,官琪鸣,2017,功夫道长,剧情
,,"高雨儿,张炜迅,张惠程,夏子涵,启杰","2017,06,16",伪装大师2：完美骗局,"剧情,喜剧,爱情"
杨雪莹,,李楠,"2017,08,07",一真见血,"剧情,悬疑"
"程慕轩,王弘尧,刘思维,班京辉",2万,朱卫,"2017,10,20",镜头前的女人,"剧情,爱情"
,,"郭美林子,高明","2017,06,25",我的木偶男友,"爱情,魔幻,普通话,网络大电影"
,,,"2017,08,07",诗魂风流,"剧情,戏曲"
,,刘衍辰,"2017,01,20",蜜月,"剧情,爱情,悬疑,惊悚"
"王浩宇,陈斗淇,辛未",,于飞,"2017,02,23",重生君颜,"剧情,爱情,奇幻"
"王靖云,孙渤洋,甘伟雄,陈锦瑶",1万,朱江华,"2017,08,28",桃花梦,剧情
,,宋承宪,"2017,01,11",魔咒,"喜剧,爱情,奇幻"
"宋铁梁,袁倩,刘长青,吴宝珠",9万,李科,"2017,08,07",石榴花开,"剧情,喜剧,爱情"
,,"韦依,亚孟乐,严宇馨","2017,01,13",绝命循环,悬疑
"宋禹,兰岚,祝新运,冯棉",,宋业明,"2017,12,17",爱在归途,剧情
,,"王源,王劲松","2017,09,12",看不见的TA之奇怪民宿,"剧情,短片,奇幻"
"钱泳辰,刘锡明,吕一",,"张超,彭艳飞","2017,02,17",窃道,"悬疑,犯罪"
"老豹,吴冬妮,赵毅劼",,邵馨莹,"2017,05,11",虎色虎香,"剧情,喜剧,爱情"
"陈婧涵,李琳琳,刘凡",5万,"周新德,阳春","2017,08,28",杜丽娘,"爱情,古装"
"颜丹,都钊,林泽峰",,"陈建勇,关塘","2017,06,07",龙胆荡,"悬疑,惊悚"
,,黄俊峰,"2017,01,17",香云纱,"剧情,纪录片,短片"
"郭家铭,潘婕,苗苗",9万,"灏然,颢然","2017,01,03",有家,剧情
"钱小豪,吴耀汉,楼南光,刘佳佳",,梁嘉铭,"2017,07,31",生化药尸,"喜剧,动作,惊悚"
,,"罗永浩,罗振宇","2017,04,07",长谈,脱口秀
,,周锐,"2017,02,18",钟离凰,古装
"甄咏珊,李雨阳",,关永忠,"2017,09,21",狼人杀游戏,
,,,"2017,08,04",茶界中国,纪录片
"狄威,阎玺,龚洁影,任添琪",10万,胡军,"2017,08,14",双手洪拳,"剧情,动作"
,,,2017,小爷,剧情
"蓝燕,温哲轩,马德华,黄一飞",,陈之月,2017,飞来神石,"剧情,喜剧"
,,"元秋,邵音音,徐忠信,郑文辉,罗家英","2017,07,31",我的外星女友,"剧情,喜剧,动作,爱情,科幻"
,,,"2017,01,23",开心鬼救鬼II复仇风暴,"喜剧,悬疑,犯罪"
"王晓笛,杨睿熹",,韩笑,"2017,02,17",恋爱的正确姿势2,"剧情,喜剧,爱情"
"杜维瀚,陈鹏万里,吴昱瑶,刘飏",13万,薛贤坚,"2017,06,30",再见时光,"爱情,剧情"
,,,"2017,03,31",江湖之社团风暴,剧情
丁子峻,,郑清珍,2017,给你天皇捎句话,喜剧
"文熙,沈璐,万梓良,楼云飞",,邱晓军,"2017,03,03",爱情对赌,"剧情,爱情"
,,"孙祖君,杜安琪,王岗岗,陈钰琪,杨曼玉","2017,11,27",侠捕之疑云密布,"悬疑,武侠"
"黄璐,李立宏,刘芳,曹俊",10万,蒲剑,"2017,06,30",宽恕,剧情
"薛之谦,汪涵,李小璐,易烊千玺",,吴斌,"2017,08,23",记忆清除者,"喜剧,短片"
"龚蓓苾,郭艳,冯文娟,何强",6万,曾光永,"2017,01,20",缺失的爱,剧情
郑湫泓,,方恩庭,2017,苏西,"剧情,爱情,音乐"
"冯芷墨,徐丁",,褚会林,"2017,04,29",恶魔总裁的契约情人,爱情
,,,"2017,01,23",新西游之大战女儿国,
,,"王厦,洪天明,桑平","2017,01,02",传奇校园,"爱情,青春,普通话,网络大电影"
"李若宁,齐乐,崔璨,阳蕾",,回宇,"2017,03,17",魔游纪1：盘古之心,"剧情,动作,奇幻,冒险,古装"
赵凯,,山鬼,"2017,01,02",寻尸索命徒,"动作,惊悚,枪战,犯罪,普通话,网络大电影"
,7万,谢宝锐,"2017,07,01",牧野传奇,"动画,传记"
,,"张艺驰,冯可","2017,06,29",LGD超神归来,
,,哈维·阿隆索,"2017,05,29",哈维·阿隆索：隆行天下,"纪录片,传记,运动"
,,"乔涵,宁小花,曹凯","2017,03,19",致命宿醉,"喜剧,动作,悬疑"
"刘真君,李涛亮",1万,"李映辉,李连军","2017,08,25",七天,"爱情,悬疑,犯罪"
"付然,仁龙,宣言,马书良",,王海,"2017,07,09",热血女主播,"剧情,喜剧,动作"
,,"何炅,谢娜,李维嘉,吴昕,杜海涛","2017,02,21",2017年湖南卫视元宵晚会,"音乐,歌舞"
"杨欣,张博翔,李松珂,曲艳",6万,王焮,"2017,03,23",唤爱,剧情
,,,"2017,03,24",总裁在上5：继承者的爱恋,"剧情,爱情"
,,马切尔·E·尤斯兰,2017,雷霆特工,剧情
"Clara Otarola,América Ulloa,Isadora Robeson,Javiera Díaz de Valdés",,Jorge Yacoman,"2017,09,23",露西亚的碎片,剧情
"崔友斌,郑心潼,崔煜林,刘衍辰",,佟秀玄,"2017,12,06",大秦直道,"剧情,冒险,犯罪"
刘依桐,,刘骥,2017,深夜酒吧,"剧情,爱情"
,,李江瑶,"2017,01,25",虫洞少女,剧情
,,"乔杉,张一鸣","2017,12,13",爱情的士,"喜剧,爱情"
,,"李萌萌,李曼铱,王传一,芙蓉姐姐","2017,03,14",全民情敌,"剧情,喜剧,动作,爱情,悬疑"
,,"宋佳,黄轩","2017,02,13",二月十三,短片
"朱军,董卿,康辉,朱迅",,杨东升,"2017,02,11",2017年中央电视台元宵晚会,"音乐,歌舞,戏曲"
"魏子昕,王馨研,史航,刘挺",,杨真,"2017,03,11",你，是我的眼,剧情
"何明翰,王瑞子,连凯",,臧溪川,"2017,12,23",反诈风暴之不可饶恕,"剧情,犯罪"
"顾靖,杨晋,毕慧",,魏书钧,"2017,11,10",卷帘君下凡那些羞羞事儿,
,,,"2017,02,17",曼谷变身记,"喜剧,爱情"
"司卉,高名扬,高梓刚,邱东江",,刘眀泽,"2017,03,09",暗藏杀机,"动作,爱情"
"谢云鹏,董妮娜,赵亮",,谢云鹏,"2017,06,15",我的新款女友,"喜剧,动作,爱情,科幻,犯罪"
,,黄一山,"2017,03,16",小戏骨降妖记,"剧情,喜剧"
"马仑,李勤勤,方青卓,孙逢苑",,张亚男,"2017,08,28",一家两口,"剧情,喜剧,家庭"
"蒋冰,马今,飞儿,张庆庆",,徐杰,"2017,03,01",太阳后裔的保镖,"悬疑,犯罪"
,,"鞠婧祎,李艺彤,黄婷婷,莫寒,吴哲晗","2017,06,06",我心翱翔,纪录片
,,张已桂,"2017,07,27",我的魔姬女友,"爱情,科幻"
,,李红旗,"2017,11,11",内耳炎,"纪录片,音乐"
,,,"2017,04,14",盗爱时空之笨贼也疯狂,"喜剧,爱情,奇幻"
,,李团,"2017,07,04",练爱见习生,"喜剧,爱情"
"大卫.索托.荷昂多,莉迪亚.门德斯,安德烈.琴塔佐",,"徐小溪,罗伯托·卡努图","2017,10,07",等候,"爱情,悬疑,惊悚,短片"
,,,"2017,04,05",生命没什么不同,"剧情,短片"
,,"信,黄婷婷,范湉湉,张小斐,大左","2017,05,10",鲜厨当道,真人秀
,,,"2017,04,07",总裁在上7：遥远的她,
"沈达威,冯骏骅,王梓,杨鸥",,于彬,"2017,04,25",太乙仙魔录之灵飞纪 第二季,"剧情,动画,奇幻,武侠,古装"
"刘潺,张千巽,李可,张皓森",,张迪财,"2017,07,21",宝尊上，你来抓我呀（上）,"剧情,爱情"
"潘长江,王翊丹,张洪杰",,"潘长江,刘海涛","2017,06,08",一村之长之生日快乐,喜剧
"陈育臣,柴蔚,方丙南,孙逢苑",,邓安东,"2017,06,11",痞子大叔,"爱情,动作,犯罪"
,,,"2017,01,03",啼血蝴蝶之罪爱,"惊悚,犯罪,普通话,网络大电影"
"徐凡,代佳夕,梁翠珊,张咏娴",5万,曾建英,"2017,06,09",爱情开始的地方之遇见,"剧情,爱情"
,,"王曼妮,米粒,王彤,孙玮伦,钟紫心","2017,03,24",寻魔神探之换脸惊情,"动作,悬疑,犯罪,奇幻"
,,,"2017,01,05",僵尸水怪,
"李易祥,车永莉,李耕",13万,"姚言,姚兰儿","2017,10,18",十三根金条,"剧情,历史"
,,窦靖童,"2017,01,23",声来如此,短片
"Simone D'Andrea,马可·恰蒂,阿图罗·加兰西诺,安东尼奥·纳塔利",,卢卡·维奥托,"2017,07,08",佛罗伦萨与乌菲兹美术馆3D,"历史,纪录片"
,,"陈蓓蓓,刘一帆","2017,01,27",厨王争霸 苏州特辑,真人秀
,,,"2017,08",嘶吼青春之我的雪镜男神,"剧情,爱情,运动"
"文根英,金泰勋,徐太和,徐泰和",,申秀媛,"2017,10,25",琉璃庭院,"剧情,悬疑,惊悚"
,,,2017,诸神下凡之孟婆,动画
,,"周海然,傅泓霖",2017,魔幻爱情后悔药,"魔幻,爱情"
"郑佩佩,马丹阳,付佳雯,李子成",13万,李嘉华,"2017,12,12",逃离现场,"惊悚,犯罪"
,,汤镇业,"2017,02,25",大咖驾到,喜剧
"潘长江,王翊丹,张洪杰",,"潘长江,刘海涛","2017,06,15",一村之长之爸爸回家,喜剧
,,"王志飞,乐轩","2017,11,17",百年长安,剧情
马强,,张旭,"2017,08,16",我的新娘,剧情
"姜明月,李咚咚,梁小龙,吴文",4万,潘富荣,"2017,08,28",茶盗,"剧情,爱情,动作"
"王靖雯,丁桥,李若杰",,宋媚,"2017,10,17",长官你别跑,"喜剧,爱情"
汪珅炅,,陈楠,"2017,06,22",燃烧吧青春.世界波,纪录片
,,"宦普凡,魏星","2017,02,16",龙出江湖,"动作,爱情,犯罪"
,,李宗明,"2017,12,15",善诺寰愫,剧情
朱琳,,周立鹏,"2017,04,07",我是猎妖师,"喜剧,爱情,奇幻"
,,马丽,"2017,06,21",特案调查组之邪剑重生,
,,唐国威,"2017,06,03",大海的孩子,纪录片
"王维申,孟子叶,陈震,赵崔玮",,贾杰,"2017,02,28",女法医手记之最后真相,"剧情,悬疑"
,,赵凯,"2017,01,07",心眼,"剧情,悬疑,短片"
"徐浩峰,许晴,春夏,张傲月",,何思思,"2017,10,01",心思刀理,纪录片
,,杨天翔,"2017,06,23",肖恩的夜晚,"剧情,爱情"
,,梁家仁,"2017,07,16",超能恋爱学院,"喜剧,爱情,奇幻"
"王子杰,郑青霞,王京莉,冯可",,胡东升,"2017,06,20",怒放的豆芽,"喜剧,爱情"
"汪诺侨,郭乐,王宇泽,张美琪",,刘十六,"2017,09,22",报告王爷，王妃是只猫,"喜剧,古装"
"兰婷,水清,黄静宜",1万,余铁,"2017,12,29",远亲,剧情
"吴志谦,漆子美,金益希,王钰婵",,程静波,"2017,05,29",临界2：安魂曲,"惊悚,悬疑"
,,"刘韦伯,蒋海伦","2017,05,18",人人都爱钢管舞,剧情
高嵩,,"王沛璋,汪小溪","2017,07,04",马路大,"剧情,战争"
高天,,谷锦云,"2017,03,28",渊子崖保卫战,"剧情,战争,历史"
,,,"2017,11,05",异能部队,"动作,科幻"
"延翔,汪碧清,厉家兵",,"凌淋,史文","2017,08,21",赶牲灵,剧情
"段冉,储毅,苏德伦",,潘润南,"2017,12,23",算账,"剧情,犯罪"
"朱佳希,王野,杨森",,刘嘉良,"2017,02,16",时间·猎杀者,"动作,科幻"
,,"傅泓霖,周海然","2017,02,20",我的明星男友,
,,"夏于乔,乔乔","2017,04,05",无主之躯·起源,"爱情,悬疑,惊悚"
,,"陈子由,杨欣冉","2017,05,14",热血情敌,
,,马赛,"2017,01,09",补丁爱人,
"陶虹,辛柏青",,李卓霖,"2017,09,12",第十七次抛弃,"短片,家庭"
,,"高可夫,李爱晶","2017,12,08",纹身女友,爱情
"木心,陈丹青",,谢梦茜,"2017,12,20",木心在英国,"纪录片,短片"
,,"吴军,郑罗茜","2017,03,10",三变,剧情
,,杨涵博,"2017,02,09",家庭电影#1,"纪录片,短片,家庭"
,,"谭耀文,甘薇,白铭健","2017,03,23",五行者之鬼马灯,"悬疑,惊悚"
,,"戴萌,张语格,赵粤,许佳琪,孔肖吟","2017,12,18",Lucky Seven Baby 第二季,纪录片
"周永恒,孙乐天,姜彦希",,黄明新,"2017,07,18",网红魅影,"剧情,惊悚,情色"
"杜维瀚,尹航,左立,陈昕翎",,王焯苇,"2017,01,17",从前有个套,"剧情,喜剧,爱情,奇幻"
,,,2017,冈拉梅朵,纪录片
,,,"2017,02,02",透视牛奶,
"田家达,陈美行,何宗龙,李嘉诺",6万,屈建龙,"2017,08,28",租婚男女,"剧情,喜剧,爱情"
"刘南希,瞿澳晖,张煜枫,丁丁",,王伟廷,"2017,04,12",太平镇之迷失异镇,"悬疑,惊悚"
,,,"2017,03,03",玫瑰公寓,"剧情,爱情,动画,惊悚"
,,利晴天,"2017,05,26",订制男友,爱情
,,周彬,"2017,11,13",江城谜案,"悬疑,犯罪"
,,张翀,2017,无爱不欢,剧情
,,黄超,"2017,07,06",洪荒宫斗之杀手为妃,"喜剧,动作,爱情,古装"
,,,"2017,03,12",阴阳玦之生死恋,剧情
"李滨,潘斌龙,李勤勤,郭政池",,孙杰,"2017,03,01",德扑风云之人生筹码,喜剧
,,"潘辰,是之,林晨","2017,05,11",秘藏传说之长生姬,"动作,惊悚,奇幻,冒险"
郭玮洁,,滕捷,"2017,03,09",美丽的桑园坪,剧情
"王宇泽,王曼妮,李岷城,唐鑫",,杨智谦,"2017,02,23",寻魔神探之神秘试衣间,"动作,悬疑,犯罪,奇幻"
,,夏梦怡,2017,毕业日记：Grace的奥斯陆游记,纪录片
"左立,顾靖,王博文",11万,"戎川,刘金燕","2017,04,21",恋恋有声,剧情
,,苏炳添,"2017,10,16",逐梦者：苏炳添,"纪录片,传记,运动"
李柄辉,,邹涛,2017,我的驱魔总裁,"喜剧,爱情"
闵春晓,1万,富哲平,"2017,05,27",旭日驱魔,剧情
王雯雯,,谢毅航,"2017,02,17",宫妖传,"剧情,爱情,悬疑,奇幻"
,,李延,"2017,09,14",花花公主之千年魔方,
,,,"2017,04,15",心要野：后海冲浪手的大冒险,"纪录片,音乐"
,,陶典,"2017,09,30",崩坏3 reburn,"动作,科幻,动画,短片"
,,,2017,The Rib,剧情
"夏开元,孙韶泽",,王迪,"2017,04",只影谁怜,"剧情,爱情,短片,家庭"
"张婵玉,邵海龙,窦骞",,"肖朗,萧锋",2017,乾坤福寿镜,戏曲
"谢孟伟,高依依,王永强",,"吴吞,王新刚","2017,07,11",烈火狼之笼斗,"剧情,动作"
,,,"2017,09,02",江湖悲剧,"喜剧,动作,犯罪"
,,邢瑞,2017,唐宫蜜史,"爱情,喜剧,剧情"
,,亮子,"2017,09,15",雨之歌,"动画,短片"
杨涵博,,杨涵博,"2017,05,31",无意短片,悬疑
,,"韩锐,谢毅","2017,01,10",幸孕,"剧情,喜剧,家庭,犯罪"
,,"郭家麟,张钧译,叶萌","2017,03,24",痞客英雄,"剧情,喜剧,爱情"
"黄诗佳,洪爽,赵宏城,杨紫月",23万,回宇,"2017,12,15",热血时代,"剧情,爱情"
"Chong Wan Ching,Ching Jun Hong,Mah Mee Tho,Chin Chey Hong",,RAYIST,"2017,05,14",将进酒,"剧情,短片"
,,,"2017,01,18",老张的团圆年,"剧情,喜剧,家庭"
,,肖祥武,"2017,04,06",闷骚女友,剧情
,,国建勇,2017,神勇侠家拳王隐林,动作
,,,2017,刀封剑客,剧情
,,王濛,"2017,10",全能60分,脱口秀
,,赵可儿,2017,追浪,纪录片
"刘芙伶,孙佺",,范秀明,"2017,07,20",布拉德女孩 觉醒,"剧情,悬疑"
言羽,,莫美林,2017,侠盗神枪,"喜剧,动作"
,,杨苗,2017,冰山上的来客,"剧情,悬疑,战争"
"刘芸,郭家铭,焦刚,童苡萱",,陈卓,"2017,08",高级动物的爱恋,"剧情,爱情"
,,,"2017,05,05",老萨门之归来,"剧情,动作,运动,黑色电影"
,,孙立军,2017,拇指熊卜达,动画
,,,"2017,07,24",宝宝进城,剧情
"竹中直人,佐藤二朗,藤原纪香,中村雅俊",,梁华生,2017,一夜再成名,剧情
,,"林川,李云鹤,吴晴","2017,01,20",隔壁女生的日常,"喜剧,普通话,网络大电影"
,,,2017,卷尺的故事,动画
"王卿伟,潘长江,张洪杰",,"潘长江,刘海涛","2017,06,01",一村之长之从头再来,"剧情,喜剧"
,,"周知韵,杰西卡·特雷斯卡,许伟豪,罗旖凡","2017,02,24",超能落榜生,奇幻
,,,2017,十年一品温如言,"剧情,爱情"
,,陈奇,"2017,01,04",谁动了我的校花,"剧情,喜剧,爱情"
,,"赵永洪,伍国成,李莉莉","2017,05,18",人生典当行之三世乾坤,"剧情,奇幻"
,,"邵羲,李欣泽,张悦楠,傅杨杨","2017,07,12",御天神帝2修罗戮神,"动作,奇幻,古装"
"李梦男,董超,李彦明,郭星辰",1万,程锋,"2017,05,12",阿文的承诺,剧情
,,"邵羲,张悦楠,李欣泽,傅杨杨","2017,07,10",御天神帝1雄霸白鹿,"爱情,奇幻,古装"
皮特·纽,7万,卡尔·托治,"2017,10,01",魔力果乐岛之拯救行动,动画
,,"乐嘉,许智伟,黄舒骏","2017,11,13",你就是奇迹 第三季,"真人秀,创投"
,,,2017,写真,"剧情,家庭,传记"
,,,"2017,09,30",寻找潘德明,"纪录片,传记,历史"
,,,"2017,12,01",2017 MAMA亚洲音乐盛典,"音乐,歌舞"
,,"张也,黄小超","2017,02",诡案组之骷髅碟仙,"剧情,悬疑"
"陆进,关思慧,刘亮,白鸽",16万,龙野,"2017,09,22",疯狂旅程,"剧情,喜剧"
,,"王梦婷,石天硕,程紫城","2017,12,15",快递侠激斗江湖,"剧情,动作"
,,,"2017,12,03",机器天空下,科幻
"武向彤,刘圣博,何向东,谢承颖",,彭擎政,"2017,05,14",游子吟,"剧情,短片,家庭"
"孙耀威,吴乙彤,王蕾",,张强,"2017,07,01",盛开的紫荆花,"剧情,爱情"
"温琴佐·阿马托,克里斯蒂安娜·卡波通蒂,阿历桑多罗·哈伯",,"卢卡·卢奇尼,尼科·马拉斯皮纳","2017,07,14",达芬奇：米兰的天才,纪录片
"露丝·布莱德利,巴里·沃德,利亚姆·坎宁安,欧文·沃尔",17万,保罗·名士,"2017,09,15",追击,"动作,犯罪"
,,,2017,妈妈去哪了,剧情
,,,2017,不如归去,短片
"张莉莎,巫迪文,刘刚,吴云飞",78万,杨奕黎,"2017,08,25",胖女不愁嫁,喜剧
,,"张郁婕,阿部力","2017,07,07",桃色交易之爱情侦探社,"剧情,爱情"
,,龚胜芳,"2017,06,20",极乐快车2勇闯三界,"奇幻,冒险"
,,"荆民强,刘一江,王清亭,王篠沫,吴谨西",2017,我相信,剧情
,,"刘雅瑟,易烊千玺","2017,09,13",看不见的TA之美男宅急便,"剧情,短片,奇幻"
"权度均,闫笑,吴恒",,"林育塘,郑雷","2017,05,09",逆时空之恋,"剧情,喜剧,爱情,科幻"
"宁静,袁姗姗,孔连顺,杜维瀚",,汪洋,"2017,05,19",男模的秘密,"剧情,喜剧"
"吴潇娜,夏开元,盛诗淇",,"刘时旭,王迪","2017,08,25",蝶恋,"爱情,奇幻"
"潘长江,张洪杰,潘阳",,"潘长江,刘海涛","2017,06,01",一村之长之贵妇还乡,"剧情,喜剧"
韩博,,"王晨,杨光","2017,03,17",梦中神探,爱情
,,川岛茉树代,"2017,09",深夜派对,"惊悚,恐怖"
,,"赵乾景,赵路,程玉珠,韩娇娇,陶典","2017,12,20",49%的灵魂,"科幻,动画,悬疑"
"于果,黄胜楠,金尤美,峤阳",,黄超,2017,王牌游戏之婚前夜,"剧情,喜剧,爱情"
曾水,,"张帆,张帆","2017,05,11",致命旅行,悬疑
李小胖,,冯海涛,"2017,02,14",那一晚，我知道你做了什么,悬疑
"葛秋谷,郑文蓉,董向荣,楼云飞",12万,吴吞,"2017,06,09",失恋399年,"剧情,喜剧,爱情"
"王真儿,包贝尔,苏鑫,张沙沙",,陈正道,"2017,04,21",熟悉的陌生人,"爱情,剧情"
"潘长江,王翊丹,张洪杰",,"潘长江,刘海涛","2017,06,08",一村之长之参花怒放,喜剧
"史元庭,曲桐雨,李秉润,陈龙",14万,吴东珉,"2017,01,06",我们的青春不怕疼,爱情
"夏雨,闫妮,潘斌龙,宋茜",6951万,伍仕贤,"2017,06,29",反转人生,"喜剧,奇幻"
"丁晓君,金喜全,王艳,窦晓璇",11万,马崇杰,"2017,04,21",谢瑶环,戏曲
"Livio Pacella,Dario Leone,Cosimo Cinieri",,"Giulia Brazzale,Luca Immesi","2017,06",可怕的战争,"剧情,喜剧,奇幻"
,,,"2017,07,17",无聊诗社 第一季,"喜剧,动画"
,,,"2017,04,24",绝色天使之神秘代码,"科幻,动作,普通话,功夫,网络大电影"
,,,"2017,04,25",西游之女妖王,"喜剧,奇幻"
"于磊,崔璨,唐秦,卢宇静",,回宇,"2017,03,31",魔游纪2：异乡奇遇,"剧情,奇幻,古装"
"黄成麟,王涵",,安少,"2017,01,03",终极囚禁,"爱情,悬疑,恐怖"
,,"潘承志,韦宝拉","2017,07,03",痞子校花,"剧情,喜剧"
,,,"2017,03,31",总裁在上6：好心分手,
,,,"2017,01,04",浪剑侠客,"动作,魔幻,青春,普通话,武侠,功夫,网络大电影"
,,"张李刚,卫晓光","2017,05,12",丛林生死门,冒险
"赵小丹,刘厉,陶辉",,周生喜,"2017,11,23",英雄五杀,喜剧
"阿牛,江若琳,惠英红,王乐妍",72万,郑建国,"2017,02,24",为爱担当,"喜剧,爱情"
,,李霞,"2017,07,20",2017CMA唱工委音乐奖颁奖典礼,音乐
"刘思博,宗一童,董立范,梅景洪",2万,王鸣飞,"2017,11,29",水晶争夺战,"剧情,喜剧,动作"
,,"王昭,孟智超,王怡苏,冯俊杰","2017,07,14",好鬼两个半2鬼王争霸,喜剧
,,,"2017,03,14",60秒,"剧情,短片,家庭,运动"
"徐冬梅,罗曼雅,毛翔宇,赵泓晨",,巴尔斯,"2017,09,18",咏春女孩,"剧情,动作"
,,"田泽宇,陈胤妃","2017,02,16",赏金娇娃,动作
,,"刘银银,杨子骅","2017,05,23",御姐在上,"剧情,喜剧,爱情"
,,,"2017,11,22",Let It Snow,"喜剧,爱情"
,,,"2017,11,14",拯救千金大小姐,"爱情,悬疑"
"陈昱西,王东灿",,唐伟,"2017,01,07",贝壳,"剧情,家庭"
曲海峰,,姜中元,"2017,06,20",爸爸的红丝带,剧情
,,"阳巧玥,李琦","2017,09,12",窥视者,"剧情,悬疑"
,,,"2017,01,03",绝色蛊师,恐怖
,,,"2017,03,10",总裁在上3：换子疑云,"剧情,爱情"
,,,"2017,05,05",大云山汉墓发掘记,纪录片
"温超,王子清,子望,阎子滔",,钟青,"2017,03,24",颜值杂货铺,"剧情,喜剧,奇幻"
"邢岷山,孙金良,姜淼,朱袁员",72万,刘观伟,"2017,09,18",商魂,剧情
"傅筱,天津喜哥,李达,顾权",,吕磊,"2017,03,10",希莉娅归来,"动作,科幻,冒险"
,,,"2017,05,31",一步登天,纪录片
邵峰,,魏民,"2017,02,23",谋杀安徒生之海的女儿,"悬疑,犯罪,黑色电影"
,,詹子潼,"2017,05,31",女寝夜谈,
"江钰源,杨阳",,韩啸,"2017,03,07",茉名其妙的青春,爱情
,,杨悦心,"2017,04,23",伎谋,古装
,,"张宇鹏,高山流水,吴晓莉","2017,02,28",暴走吧，混蛋,"剧情,悬疑,犯罪"
,,朱佳希,"2017,05,10",异能超模,"剧情,爱情,科幻"
,,,"2017,01,13",模特前规则,"剧情,爱情"
白炜玲,,杨涛睿,"2017,04,07",甜心主播大作战,"剧情,爱情"
,,,"2017,02,27",脱轨男女,"喜剧,爱情,情色"
,,刘凌菱,"2017,01,12",银河少女,"剧情,喜剧,爱情,科幻"
,,"尉迟琳嘉,邓紫棋","2017,10,28",2017中华小姐环球大赛,真人秀
,,"吕晶,贺鹏,颜冠英","2017,01,04",古城69号院,"惊悚,悬疑"
"温晴,朱蔻,郭鹏",,韩帅,"2017,06,06",消失的妻子,"剧情,悬疑,惊悚,黑色电影"
"罗兰,张津赫,高艺丹",,李应源,2017,小夫妻,喜剧
"王蕴凡,郭依林,叶思浵",,探花,"2017,04,28",舰姬,"剧情,科幻,家庭"
,,"陈友旺,袁帅,王卓","2017,01,16",汉丰湖之恋,"剧情,爱情,短片"
,,,"2017,10,04",深海总动员,
"金泳三,郭震,熊欣",,段文兴,"2017,11,29",鬼探风云,悬疑
,,,"2017,03,17",总裁在上4：总裁的专属守护,"剧情,爱情"
"尊华,田振达,陈华恩,陈升卫",,陈华恩,"2017,05,05",午夜逃杀,"悬疑,犯罪"
"陈思娜,肖宏,毛渤陇,兰卡初",11万,华原,"2017,07,07",北纬30度之爱,"剧情,爱情,悬疑"
,,图特哈蒙,"2017,06,19",无敌,"动作,动画,短片,武侠,古装"
,,,"2017,06,22",爱你直到世界尽头,动画
"莎拉·莱姆,费德里克·博内里,爱德华·沃森,泽纳亚达·亚诺维斯基",,Ross MacGibbon,"2017,12,16,14,00",爱丽丝梦游仙境,"剧情,冒险,舞台艺术"
"乔什·布洛林,迈尔斯·特勒,杰夫·布里吉斯,詹妮弗·康纳利",904万,约瑟夫·科辛斯基,"2017,12,08",勇往直前,"剧情,传记,灾难"
"张涵予,杜鹃,黎明,王耀庆",1625万,黎明,"2017,05,19",抢红,"动作,冒险,犯罪"
"王千源,秦海璐,张申英,田雨",655万,张猛,"2011,07,15",钢的琴,"剧情,喜剧"
"邢瑞,徐俊,雷蒙",,徐俊,"2017,07,20",大侠,剧情
"徐熙娣,林志玲,金世佳,李子峰",2750万,蔡康永,"2017,05,27",“吃吃”的爱,"喜剧,爱情,奇幻"
"阿沙·巴特菲尔德,布丽特·罗伯森,加里·奥德曼,卡拉·古奇诺",963万,彼德·切尔瑟姆,"2017,10,13",回到火星,"爱情,冒险,科幻"
"任达华,陈小春,伍允龙,邱意浓",3317万,阚家伟,"2017,09,01",黑白迷宫,"剧情,动作,犯罪"
"戴克·蒙哥马利,娜奥米·斯科特,林路迪,RJ·赛勒",3005万,迪恩·以色列特,"2017,05,12",超凡战队,"动作,冒险,科幻"
"白百何,黄立行,明道",9566万,"徐静蕾,杨翌舒","2017,03,31",绑架者,"动作,犯罪"
"宋芸桦,宋威龙,林妍柔",,"周彤,代梦颖",2017,三好差生,"喜剧,爱情"
"查理·汉纳姆,裘德·洛,艾瑞克·巴纳,阿斯特丽德·伯格斯-弗瑞斯贝",5706万,盖·里奇,"2017,05,12",亚瑟王：斗兽争霸,"动作,冒险,奇幻"
"吴永淦,韦依,司徒颖霜,怀远",,余斌,2017,花心2最好命,"剧情,喜剧"
,,"刘娜萍,利晴天,李子雄,闵政","2017,01,17",杀手离沫,"剧情,动作,悬疑,犯罪"
"赵路,吴天昊,林子杰",7223万,"于胜军,姚光华","2015,08,07",黑猫警长之翡翠之星,"喜剧,动画,动作"
,,"景甜,梁家辉,张若昀,洪金宝,梁朝伟","2017,04",名著探险队,"历史,奇幻,冒险"
"杨小璇,刘彦卿",,左一阳,"2017,04,27",东北娘们儿,"剧情,喜剧,动作"
"党浩予,李天涯,杨烁,潘钇安",,赵航,"2017,05,31",大多头之股民的名义,"剧情,喜剧,悬疑,冒险,黑色电影"
,,程枫,"2017,03,22",绑架X计划,喜剧
,,,"2017,03,21",松城小爱,纪录片
"褚栓忠,王怡雯,徐薏雯,李甲虎",3万,朱江华,"2017,02,24",丫丫的夏,"剧情,爱情"
金不换,,吕蔚,"2017,01,24",草根秀才,戏曲
"王萌,郭月,吴海棠,艾丽娅",12万,赵国桦,"2017,10,04",母亲的肖像,"剧情,家庭"
,,,"2017,01,04",乌林大会,"喜剧,动作,普通话,网络大电影"
,,"范冰冰,高云翔","2017,06,19",无需敲门,短片
,,,"2017,03,30",实习少女追爱记,爱情
"李京沐,朱名愚,张天白,万洛冰",,陈思翰,"2017,01,05",骇故事之生死翡翠湖,"爱情,悬疑"
"徐荷媛,利晴天",,李锐,"2017,01,06",探灵笔录,"惊悚,恐怖,奇幻"
,,"梁登凯,连俞涵,林哲熹","2017,08,07",预言家请睁眼,爱情
,,凯瑟琳·哈德威克,2017,楼兰,爱情
"赵宁宇,徳姬,苟晓娟,诺敏达莱",2万,柯克,"2017,03,30",八万里,"剧情,运动"
天津喜哥,,关景天,2017,山炮贼中贼2绝世艳贼,"喜剧,动作"
,,"曾志伟,朱时茂,于莎莎,印小天,姜超",2017,极速钱进,喜剧
"杨思琦,海鸣威",,林可昕,"2017,06",发囧,"剧情,喜剧"
汤姆·威兹,,阿方索·戈麦斯-雷洪,2017,公民,犯罪
,,阳巧玥,"2017,09,20",暗访记者之红灯行,
,,,2017,国道饭店,"剧情,纪录片,传记"
,,,2017,沉默号,
,,杨骊珠,2017,从心所欲 ——  一个落魄老人的独白,"纪录片,短片"
,,,2017,黑神锅传奇真人版,剧情
"王婉中,周海媚,王佑硕",,林华全,"2017,04",骨瓷,"剧情,爱情,悬疑,惊悚"
,,"涂圣成,潘春春","2017,05",家政侦探社,"喜剧,动作,悬疑"
,,"孙祖君,王岗岗,杨曼玉,陈钰琪,法志远","2017,11,27",侠捕,"悬疑,武侠"
,,,2017,猴王的女儿,剧情
,,刘嘉芮,"2017,06,27",旋风辣妹,剧情
邹轩琦,,"Peter Dodd,凯文·芒罗",2017,山海经之小人国,"动画,家庭,冒险"
,,"史元庭,范少勋,陈昊森","2017,07,15",东北插班生,"喜剧,动作"
,,"释小龙,楊婕",2017,我为花狂,剧情
"陈燕燕,郑君里,袁丛美,刘继",8万,史东山,"2017,09,17",奋斗,"剧情,爱情"
"艾丽娅,郭月,杨心仪,王尉",4万,江流,"2017,09,15",阿婆的槟榔,"剧情,爱情"
"曼迪·摩尔,克莱尔·霍尔特,马修·莫迪恩,圣地亚哥·瑟甘拉",3872万,约翰内斯·罗伯茨,"2017,12,08",鲨海,"惊悚,冒险"
"李立群,张伟欣,黄磊,海清",3233万,黄磊,"2017,05,11",麻烦家族,"剧情,喜剧,家庭"
"弗兰克·格里罗,卡兰·马尔韦,Jack Chausse,博亚娜·诺瓦科维奇",,连姆·O·达诺,2017,天际浩劫2,"动作,科幻,灾难"
,,肖丰震,"2017,01,25",超模风云,爱情
"古天乐,张智霖,林家栋,蔡卓妍",4688万,邱礼涛,"2017,10,27",常在你左右,"恐怖,惊悚,悬疑"
"舒淇,王千源,张孝全,林美秀",1602万,陈玉勋,"2017,01,27",健忘村,"喜剧,奇幻,武侠"
"小林薰,多部未华子,小田切让,河井青叶",1388万,松冈锭司,"2017,07,18",深夜食堂2,剧情
"黄才伦,张浩,张锦程,蓝波",,周阁,"2017,06,06",二龙湖浩哥之江湖学院2,"喜剧,动作"
"查理·汉纳姆,罗伯特·帕丁森,西耶娜·米勒,汤姆·赫兰德",704万,詹姆斯·格雷,"2017,06,02",迷失Z城,"动作,冒险,传记"
,,杨轶,"2017,09,15",代号深海,剧情
"董子健,李梦,李洋,尚铁龙",314万,相国强,"2017,01,13",少年巴比伦,"剧情,喜剧,爱情"
,,"倪萍,舒冬","2017,04,09",等着我 第三季,生活
,,曾云辉,2017,喜马拉雅之灵,剧情
,,,2017,里根,剧情
"王紫逸,多布杰,杨秀措,洛桑念扎",193万,杨蕊,"2017,12,12",金珠玛米,"剧情,历史,西部"
"彭敬慈,陈芋米,佟月,王远达",92万,高博,"2017,06,02",惊门,"恐怖,惊悚,悬疑"
,,,"2017,01,06",僵尸水怪2,
"吴骏超,黄礼丰",,徐芳依,"2017,08,26",虚无的焦点,爱情
"王小飞,侯卫星,闫正君,陈熙文",,周暮寒,"2017,03,25",雏盗,"剧情,喜剧,冒险"
,,,"2017,01,01",灵魂骑士,"剧情,动作,悬疑"
,,,"2017,12,03",小夜曲,奇幻
,,"李子雄,高丽虹,黄伊凡","2017,03,10",贴身卧底,"剧情,爱情"
,,,"2017,01,01",丐帮之千年打狗棒,"动作,爱情"
"石雨晴,古铭瀚,谢璞婉",38万,"李柯,何伟斌","2017,09,15",纹身师,"爱情,惊悚,悬疑"
,,"王子杰,吴枫林,张影辰,宋歌,朱越","2017,11,21",踏破浮屠,"动作,武侠,古装"
,,,"2017,04,04",午夜猎人,犯罪
,,,"2017,07,03",荒野大镖客之黄金劫案,"剧情,动作,悬疑,西部"
,,"屠画,王瑄","2017,12,08",将军在上之极乐净土,"喜剧,爱情"
"付辛博,熊乃瑾,刘承俊,王天泽",1万,李冯,"2017,06,30",不败雄心,"剧情,动作"
"黑雯丽,张译文,谢飞虎",,强小陆,"2017,10,18",大漠雄心,"剧情,西部"
"张檬,王瑞子,李佳璇,何佳怡",,臧溪川,"2017,12,30",反诈风暴之情爱迷局,剧情
,,"林子闳,黄伟晋,熊梓淇,王帅,龚珺","2017,03,06",异能事务所之嗜血判官,"悬疑,惊悚,奇幻"
,,"唐嫣,罗晋,范冰冰,李晨,王凯","2017,01,28",2017年北京电视台春节联欢晚会,歌舞
,,"林海,陈辰,李玟,张信哲,邹市明","2017,02,12",2017东方卫视元宵喜乐会,"音乐,歌舞"
,,"温超,李相炫,于星星","2017,05,18",唐伯虎之幻变奇缘,"喜剧,爱情,奇幻"
,,"苏航,姚未平,谭建昌,王蕾",2017,电音江湖—DJ道长,"惊悚,奇幻"
"唐禹哲,王丽语",,李亚东,"2017,09,22",西河口秘闻之无头新娘,"悬疑,惊悚"
,,"姜寒,肖旭,衣云鹤,李晓强,王子睿","2017,01,10",醒醒吧之大师,喜剧
"卢宇静,崔璨,于磊,唐秦",,回宇,"2017,05,26",魔游纪6：一瞬决战,"剧情,动作,冒险,古装"
,,,"2017,01,06",极品灭魂师,"剧情,悬疑,惊悚"
"李璐兵,秦勇,王亮,刘亭驿",,张震,"2017,06,18",宇宙中心五盗口,"喜剧,动作,爱情"
"高健,李嘉诺,豆豆,张铭浩",34万,刘一君,"2017,05,20",放学后,家庭
,,,"2017,10,01",江山：杜立特行动,"历史,战争"
苏拉文雅,,李奇龙,"2017,04,28",超级武神之索命决,剧情
"潘时七,方妤萌,石峯,郁飞扬",13万,刘学见,"2017,05,13",宝贝，再爱我一次,"剧情,家庭"
"夏德俊,郑佩佩,周诗璇,李夏佩",46万,查文白,"2017,07,25",让爱活下去,剧情
,,"李健仁,杨能,张星宇,袁满","2017,01,13",总有刁民想害朕,"喜剧,古装"
,,,"2017,10,20",神迹之上古传奇,"爱情,动作"
"陈国坤,徐冬梅,刘承俊,侯桐江",10万,刘夏同,"2017,01,06",浪漫搭档,"喜剧,动作,爱情"
"陆钧彦,陈彦妃,贾景晖",,陈彦妃,"2017,05,05",清醒梦之马桶睡美人,"喜剧,爱情,奇幻"
,,"梁焯满,吴志雄,朱永棠","2017,06,09",古惑往事之龙虎斗,"剧情,犯罪"
,,童瑶,"2017,08,13",爱的新绿色,"短片,音乐,歌舞"
,,"林晨,胡彩虹,王矜霖","2017,04,21",她妈妈不喜欢我,"爱情,喜剧"
"姬他,拉旺罗布,李柏谊,索朗卓嘎",,柴飞,"2017,06,16",天缘纳木措,剧情
"miwa,坂口健太郎,龙星凉,真野惠里菜",1347万,月川翔,"2017,07,06",与君相恋100次,"剧情,爱情"
"洛桑群培,多布杰,德姬,拉旺罗布",,戈巴海培,2017,戎肯,剧情
,,"江奇霖,远藤新菜,范立美,森田凉花,钟正","2017,11,14",时空送货人,"剧情,喜剧,动作,科幻,冒险"
"孙隽圣,石小杰,王祚,陆敏雪",3万,赵杨,"2017,03,03",帅位,剧情
"王澜臻,刘子威,张尧,舒可",,张尧,2017,一个导演的最后五天,剧情
"刘彦卿,郑中玉,王鹏凯,张小帅",,安战军,"2017,12,26",闽赣风云,"剧情,战争"
,,徐志焄,"2017,02,16",需要你！小美兮 第一季,"剧情,喜剧,爱情"
,,"林雪,林盛斌,白冰冰,钟一宪","2017,01,10",奇葩追女仔,"喜剧,剧情"
,,,2017,艾娃,剧情
,,"任娇,张星阑","2017,06,02",血姬传,"动作,爱情,惊悚,灾难"
"郭天杰,郭涛",,郭坚,2017,悟空，悟空,"剧情,喜剧,爱情,古装"
"潘长江,张洪杰,韩兆",,"潘长江,刘海涛","2017,06,15",一村之长之皆大欢喜,喜剧
"李勤勤,彭波,徐小琴,李卓远",,侯懿洋,"2017,07,21",按摩侠,"剧情,喜剧,动作"
"周子涛,韩锐,陆焕之,常海波",,贺云飞,"2017,08,17",命运轮,"科幻,悬疑"
,,,"2017,06,05",天师封印,"剧情,惊悚,恐怖,冒险"
"姜涛,刘乐妍,汪盛",,"汪盛,仕轩宇","2017,06,01",生死无门,"剧情,爱情,家庭,传记"
"张雨绮,张亮,王少雍,冷中易",716万,陈卓,"2017,05,19",不期而遇,"喜剧,爱情"
"丹·史蒂文斯,贝纳尼丝·玛尔洛,查丽蒂·维克菲尔德,泰格·格南德特",115万,提姆·斯密特,"2017,12,01",末日重启,"剧情,科幻"
"陈信喆,吴千语,岳冬峰",,"项秋良,项河生","2017,12,01",镇魂法师,"动作,奇幻,武侠"
"周秀娜,郑欣宜,蔡瀚亿,杨尚斌",157万,彭秀慧,"2017,06,02",29+1,"剧情,爱情"
,,,"2017,01,24",追忆哥哥张国荣,剧情
,,"项瑾,刘育同,李小胖,陈美林","2017,11,17",刀剑笑新传之决战,"古装,喜剧,武侠"
"彭禺厶,陈玉勇",,刘轩狄,"2017,02,24",鬼话怪谈·祥云寺,"惊悚,恐怖"
"陈佩斯,李立群,季冠霖,付博文",1591万,邹燚,"2017,07,28",豆福传,"喜剧,动画,奇幻"
"涂们,王超北,阿拉腾乌拉,伊丹纳",208万,周子阳,"2017,12,11",老兽,"剧情,家庭"
"王妍苏,叶山豪,黄又南,邓紫衣",9万,殷国君,"2017,09,22",初恋时光,"剧情,爱情"
"科林·费斯,裘德·洛,妮可·基德曼,盖·皮尔斯",1473万,迈克尔·格兰达吉,"2017,03,10",天才捕手,"剧情,传记"
,,,"2017,07,30",第三国度,"剧情,爱情"
"刘永,郭力行,柴铭洋",,颜光兴,"2017,12,07",杨五郎血战青盐镇,剧情
,,吕美静,"2017,01,20",吃饭的时候我们谈谈爱情,"爱情,纪录片"
"哈雷,黄宏,刘向京,赵婷婷",2519万,刘建华,"2017,04,21",血狼犬,"剧情,动作,冒险"
"鲍起静,黄浩然,王菀之,卫诗雅",36万,李勇昌,"2017,10,13",我的妈呀,"剧情,喜剧,家庭"
"梅洋,赵宇",,刁璐璐,"2017,08,28",美人套,喜剧
,,杨谨华,"2017,04,30",生活是甜蜜,"剧情,爱情"
"徐乐同,赵秦,张芯宁",,柴扉,"2017,11,24",曲点鸳鸯谱,剧情
,,杨梓依,"2017,05,22",冒牌男神萌女侠,喜剧
,,李嘉铭,"2017,02,28",师生换魂,"喜剧,奇幻"
,,,"2017,05,17",亲爱的同志,爱情
"朱丽岚,叶小开,张艺宣,齐麟",,徐飞,"2017,02,27",颜值山海经,爱情
张宇鹏,,吴斌然,"2017,04,06",梦想有话说2017,脱口秀
,,"杨韵然,韩锐","2017,06,16",红人制造之卧底女王,"喜剧,犯罪"
,,,"2017,01,06",色计是空,
,,"钟逸伦,曹可凡","2017,10,01",唱响中华,"真人秀,音乐"
"熊乃瑾,岳跃利,张丹峰",,陈奕利,"2017,10,15",站在风口上,
,,"李任燊,芦鑫,余世学","2017,01,16",拳日制,"剧情,喜剧,动作"
,,,"2017,01,13",港城风云,"剧情,动作"
,,"梁俊一,章申,朱铁和,吕熙,阳蕾","2017,11,05",新港故事,剧情
,,,"2017,12,03",Beautiful Dreamer,"科幻,短片"
"谢苗,房程程",,董汉新,"2017,01,17",我的杀手女友,"动作,爱情"
"苗雅宁,蔡照,龙斌",,"陈晨,郭炫佐","2017,06,14",最后的告白,"剧情,悬疑,犯罪"
"蔡康永,马东",,马力,"2017,05,12",王者历史课 第一季,"历史,脱口秀"
,,"王达,大嘴","2017,05,03",包小姐的包,"剧情,喜剧"
,,,"2017,01,09",神秘宝贝,
,,"栾蕾英,刘奕凯","2017,03,15",灵欲专车,"剧情,悬疑,恐怖"
"那威,崔阿扎",,王特,"2017,02,16",网红杀手,剧情
,,"黄致列,崔阿扎","2017,04,27",大牌玩唱会,"真人秀,脱口秀"
,,申迪,2017,乌玛,短片
,,"卢鑫,李颂丽,王蕾","2017,11,16",你就像一朵花,剧情
,,储毅,2017,索命厨师,剧情
"张新岳,李建龙,刘振明,钱晓人",3万,张旭洲,"2017,05,26",颠覆,"剧情,爱情"
"秦雅思,吴海棠,任天野",,史震飞,2017,剩女觅爱记,爱情
,,安曼·阿巴西,2017,坏小子的街巷,剧情
,,,2017,小戏骨：少林寺,
,,彼得·西格尔,2017,律师与杀手,"喜剧,动作"
,,"常飞飞,刘木子","2017,04,26",尼美快报 第二季,脱口秀
"阿尔斯郎·阿布都克里木,古力皮亚·吉力力,米尔扎提·阿不都艾尼",,刘鸣山,"2017,06,01",看不见的王国,"剧情,短片,家庭,奇幻"
"宋祖德,孟潞,黄梓乘",,陈剑,"2017,06,21",傻哥的逆袭,喜剧
"熊明霞,常秋月",,夏伟亮,2017,勘玉钏,戏曲
大宝哥,,李金斗,"2017,03,08",偷窥438,"剧情,爱情,情色,家庭"
"王尼玛,苏子缙,刘木子",,"苏子缙,八戒","2017,12,29",暴走超大事件,"剧情,喜剧,动作,爱情,科幻,脱口秀"
"王德顺,蔡宜恒,英壮,杜旭东",50万,蔡玉水,"2017,06,16",艺术也疯狂,"剧情,喜剧"
,,"张佳琳,虞朗","2017,01,10",最漫长的夏至,"爱情,奇幻"
"詹姆斯·奥夫斯,谭卓,葛兆美,李文俊",6万,高飞,"2017,02,24",三缺一,"剧情,爱情"
,,张达明,"2017,12",时空修复师之癫狂道,"喜剧,悬疑,奇幻,古装"
,,"王李丹妮,金龙","2017,04,01",胆小别看,"悬疑,惊悚"
瓦妮莎·布兰奇,,任重,"2017,11,24",寂静的王国,短片
,,周建兵,2017,青芒,爱情
,,"雪村,周子诺,潘春春","2017,02,24",绝色美人之一莲幽梦,爱情
魏晓波,,魏晓波,"2017,07,23",生活而已3,纪录片
"王思聪,大狸子",,大狸子,"2017,04,01",绑架王公子2,"爱情,灾难"
"郭凯敏,何麟,范志博,温升豪",,高力强,"2017,10,30",金城档案,剧情
"陈绍文,何佳颖,齐天,何佳颜",1万,三刚,"2017,05,12",小满的故事之青涩年华,"喜剧,爱情"
"露丝·威尔森,肖恩·宾,马克·斯坦利,迪恩·安德鲁斯",1万美元,克里欧·巴纳德,"2017,09,10",暗流,"剧情,悬疑,惊悚"
,,"杨紫,陈晓楠,俞敏洪,佟丽娅,张杰","2017,11,14",2017冬季星空演讲,
"安娜·齐冈科娃,约泽夫·瓦尔加,扬·泽雷尔,伊戈内·德·蓉",,阿德里安娜·利龙,"2017,12,18,19,30",吉赛尔,"剧情,爱情,舞台艺术"
,,,"2017,03,24",国际狼王争霸赛,真人秀
"李丞峰,高发,卢海华,刘芳毓",4万,刘季欢,"2017,06,02",凤凰街风雨,剧情
"陈宇星,费璇,颜勤,杨韵然",7万,张荣生,"2017,12,13",墨玉太极,"恐怖,惊悚"
,,,"2017,07,05",美人天降,
"林美秀,曾允凡,钱欣郁",38万,"张苑,王龙波","2017,01,13",逗逗迪迪之美梦年年,"动画,冒险"
,,"黄健,陈凯翔","2017,03,30",杀出阴阳界,"喜剧,爱情,冒险"
"雷宇扬,黄一山,陈惠敏,麦家琪",,姜欣欣,"2017,04,14",兄弟之义字当头,"剧情,喜剧,动作,犯罪"
"阿琳娜·萨沃斯提科娃,JT 梵可丽,艾丽西亚·巴里,张笑威",14万,张进,"2017,10,14",了不起的小家伙们,"剧情,家庭,奇幻"
,,,2017,诸神下凡之二郎神,
,,"都钊,岳辛","2017,01,17",我的蛇精女友,"喜剧,爱情"
"陈思宇,马春瑞,黄天崎,黄靖翔",,秦榛,"2017,09,22",剑网3番外之四海流云,"动作,武侠,古装"
"吕宇,宋雨晴",,崔炎龙,"2017,02,11",兄弟大作战之我的女友叫静香,"喜剧,爱情"
"郭芮溪,付宏,傅泓霖",,陈欣茹,"2017,04,26",诡异森林之缘起惊魂,惊悚
"袁晓旭,张美娥,张星,张嘉佑",,豪仲,"2017,10,13",野蛮囧妃2：迷雾重重,"喜剧,爱情"
"梁家仁,蒋璐霞,邵音音",,梁皓贻,"2017,01,23",澳囧风云,喜剧
,,,2017,军中信,剧情
,,,"2017,04,21",总裁在上9：生死恋,
,,王斌,"2017,01,12",十二圣女,"剧情,惊悚,犯罪"
,,,"2017,03,03",总裁在上2：恶魔情人,"剧情,爱情"
"王家珧,萨钢云,于泽瀛",11万,"潘晓斌,司雨茜","2017,03,01",神灵寨,"剧情,喜剧,爱情"
"罗天池,海鸣威,博弘,唐文龙",,刘宝贤,"2017,06,15",卧底1000,"动作,爱情,悬疑"
"林宸锐,殷宝莹,黑戈",,李子轩,"2017,11,24",微商,"剧情,爱情"
"邓明将,塔娜花日,孔轩,齐纪深",,刘哲欣,"2017,08,01",浪花岛之恋,"剧情,爱情"
,,"林雪,白冰冰,林盛斌,李健仁,蔡淇俊","2017,03,30",奇葩追女仔2,喜剧
,,"王天野,于滨","2017,07,26",绝地先锋,"剧情,战争"
,,,"2017,05,04",一天零一夜,
"黄觉,麦子",,胡景,"2017,06,13",恋习课,
"陈婉衡,鲍康儿,刘家勇,李逸朗",,刘家勇,"2017,07,18",迷情白夜化妆师,剧情
,,,"2017,05,17",关于他们的一些事,"剧情,短片"
"张书田,许歌,郑卫莉",,王坪,"2017,05,17",美丽小渔村,剧情
"王丽坤,高以翔,李媛,王传君",1355万,李巨源,"2017,10,13",情遇曼哈顿,"喜剧,爱情"
"苏世一,成雨霏,吴晶,邢军",2万,孙爱国,"2017,09,10",乔乔的魔法,"剧情,家庭"
,,蔺晨阳,"2017,01,18",尤仙子传奇,剧情
"黄远,王大陆,赖雅妍,谢语恩",375万,洪昇扬,"2017,01,06",一万公里的约定,剧情
,,"刘莹,胡世闻,王意","2017,07,25",巡楼人之舞灵,"剧情,惊悚,恐怖"
,,,"2017,02,01",离开北京以后,短片
,,"乌云娜,徐佳,刘夏","2017,12,22",一念之痒,"喜剧,爱情,悬疑"
,,,"2017,01,13",爱上女蒲团2,"剧情,爱情,短片"
"汤水雨,徐佳琦,杨默",1.26亿,"李清舫,张遥函","2017,01,13",大卫贝肯之倒霉特工熊,"喜剧,动画,家庭,冒险"
"罗翔,江兰萱,俞晓晔,马卉",581万,邓安东,"2017,12,01",笔仙咒怨,"悬疑,惊悚"
"王东,朱宏奇",,王海,"2017,08,08",二民,剧情
黄礼丰,,杨科,"2017,06,18",揍他一顿,剧情
,,刘薇,"2017,06,15",追凶者之双重身份,
"邱文博,李鑫雨,黄威,苏湘庭",,钟小华,"2017,01,03",完美攻略,"爱情,喜剧,普通话,网络大电影"
"郎朗,范冰冰,蔡依林,火风",,尹琪,"2017,01,26",2017辽宁卫视春节联欢晚会,歌舞
,,赵虎,"2017,05",壬午渝汐,"动作,短片"
,,Neysan Sobhani,2017,Transitions,短片
,,,2017,热情是火,喜剧
,,,2017,扳命,"剧情,纪录片"
"古典,游航,王美茜",,"斯科特·艾伦,斯科特·南基韦尔","2017,11",索命空间,"悬疑,惊悚"
,,"吕熙,梁俊一,阳蕾","2017,11",新港故事2,
"沐风,杜维瀚,郝泽嘉,黄莞乔",,陈匀佼,2017,逃不出的情人节,"喜剧,爱情,奇幻"
"史策,倪慕斯,黄伟龙",,姬智,2017,曼谷往事,"剧情,动作"
"林文龙,谭耀文,林熹瞳,汤怡",14万,陆天华,"2017,06,16",我们停战吧,"剧情,爱情"
,,"杨庆祥,向京,李银河,欧阳江河,戴潍娜","2017,05,06",春天读诗之夜2017,
,,,"2017,04,16",太湖人家,纪录片
,,王龙,"2017,01,09",魔术大逃杀,"剧情,悬疑"
"关智斌,李茂,柏华力·莫高彼斯彻,王钰",,卢哲颢,"2017,12,25",爆裂拳师,剧情
,,苏鑫,"2017,07,04",超能电竞：传奇一代,"剧情,运动"
,,,"2017,01,12",手机控,"普通话,网络大电影"
"瑞贝卡·艾米莉,玛利亚·邦妮薇,雅各布·奥福特布罗,埃伦·海德",16万,肯尼斯·凯恩斯,"2017,11,24",女巫斗恶龙,"冒险,奇幻"
,,徐克,"2017,12",花木兰传奇,"喜剧,动作,动画,冒险"
"旺卓措,刘承宙,高欣生,来裕",19万,赵崼,"2017,08,04",荒野加油站,"惊悚,悬疑"
"刘戴恩,彭楚雅,陈禹衡",,"邹江,袁慧玲","2017,01,09",小戏骨：花木兰,"剧情,歌舞,家庭,战争"
,,"刘秋实,子望,唐鑫,徐子涵,何若鹤","2017,02,24",最后的武林,"喜剧,武侠"
"苗侨伟,袁嘉敏,桑平,巴多",9万,汪洋,"2017,09,22",谜证,"剧情,悬疑,犯罪"
"孙一明,姜怡伊,艾佳妮,桑驯华",7万,沈火新,"2017,03,17",滚出来，凶手,"喜剧,爱情,悬疑"
,,,"2017,07,01",马里奥,"剧情,短片"
"张乃歌,赵悦",30万,张耀光,"2017,12,19",悔恨,"剧情,爱情"
,,,"2017,09,10",公大的晴天2,"剧情,爱情,纪录片"
"李炳渊,李炳雷",,李炳渊,2017,末路英雄,"喜剧,动作,爱情"
"秦怡,佟瑞欣,伊力哈木·买买提",49万,"沈星浩,沙碧红","2017,01,09",青海湖畔,剧情
,,"刘秋实,倪慕斯,乔乔,胡悦,刘霖霏 ‍","2017,02",我们的成人礼,"剧情,喜剧,爱情"
,,黄石,"2017,12,03",飞向深空 Into The deep space,"科幻,悬疑,惊悚"
"吉乔·阿尔贝蒂,安德里亚·博斯卡,朱塞佩·塞德纳",55万,"卢卡·卢奇尼,西尔维亚·科尔贝塔","2017,07,09",米兰斯卡拉歌剧院：奇迹之殿,纪录片
,,,2017,了不起的董小姐,"剧情,爱情"
"涂慧敏,舒强,李洪潇,邓安东",,昆汀,"2017,06,14",末日惊魂,"爱情,悬疑,科幻"
,,,"2017,04,27",九尾校花,"喜剧,奇幻"
,,黄超,"2017,04,22",梦回少年时,"爱情,奇幻"
"王今心,李嘉明,方晓莉,邢燕子",,邢树民,"2017,05,04",油菜花儿开,剧情
,,,2017,时尚先生2,剧情
"夏嘉伟,洪剑涛,花希,颜丹",36万,夏嘉伟,"2017,02,18",来自月亮的我,"喜剧,爱情,奇幻"
,,,"2017,04,11",没有图像的西吉斯蒙,"悬疑,短片"
李超,,"李超,汪廷林","2017,05,05",那年今夏,"剧情,爱情,短片"
"陈友旺,金岩,赵芙丽,李卓霖",,杨靖,"2017,07,01",红色电话机,"剧情,短片"
"柳佳宁,陈皓天",1万,张海江,"2017,11,10",花鼓情,剧情
,,华子,"2017,02,09",心火2017,"剧情,喜剧"
朱琳,,周立鹏,"2017,06,23",我是猎妖师2,"喜剧,爱情,奇幻"
,,,"2017,03,31",潮性大总裁,"喜剧,爱情"
,,英达,"2017,01,03",神州天问,
"刘汉兆,黄一山,翟星月,秦汉擂",,王韬,"2017,02,23",流氓师姐,剧情
,,,"2017,03,23",霸道爱情之恋上灰姑娘,爱情
"R·马科斯·泰勒,Lily Chee,Alexandria Williams,杰米·崔",,Jason Sarrey,"2017,12,01",日落公园,剧情
,,"潘辰,罗昱焜,孙立洋","2017,03,16",魔都奇遇记之灵魂团团转,"爱情,科幻"
,,"孙志翔,徐岑子,党伟","2017,12,07",杨大郎智斗沙门寨,剧情
,,,"2017,01,08",后宫风韵传之霓裳玉女,"剧情,爱情,古装"
,,,"2017,01,20",东北乌托帮,"剧情,喜剧,动作,爱情"
,,刘奋斗,2017,排练,剧情
,,"于洛熙,华千涵","2017,02,06",虚拟情人2,"爱情,科幻"
,,"夏之光,陈泽希,陈乔恩,柳岩,大张伟","2017,01,21",2017湖南卫视小年夜春节晚会,"音乐,歌舞"
"贾漪娜,于非,陈霖生,刘静怡",,冯海涛,"2017,02,16",夜郎传说之面具判官,"爱情,奇幻"
,,易思斯,"2017,03,30",荒山心野之七日,
"龚俊,王婉中",,闫乐阳,"2017,09,29",异生探,剧情
,,米粒,"2017,09,13",拾梦老人,动画
,,李明启,"2017,11,24",冼夫人之浩气英风,"剧情,传记"
"张智尧,樊少皇,杨雪,夏艺文",,张荣华,"2017,03,09",不可告人,恐怖
,,,"2017,10,01",大导归来,
,,"刘马正一,李雨芯,孙征宇","2017,03,15",叛逆的征途之我非英雄,"剧情,动作"
"刁克,何欣遥,李健仁,汤镇宗",3万,李小兵,"2017,03,23",二宝闯江湖,剧情
,,杨能,"2017,04,22",闺蜜的正确打开方式,"剧情,喜剧"
,,韩啸,"2017,03,28",同学，去拯救世界吧,"喜剧,奇幻"
"宋楚炎,姜淼,韩月乔,齐德亮",,和小江,"2017,12,24",天福山起义,"剧情,战争"
,,"溪格,于轩鸿灏","2017,12,29",冷宫女刺客,"喜剧,古装"
,,马诗歌,"2017,06,17",经海路618号,剧情
董博睿,,许传海,"2017,05,24",烧烤江湖,"剧情,喜剧,爱情,动画,悬疑"
,,"薛闻君,张倩铭","2017,03,23",心机识表,"剧情,爱情"
,,"冯荔军,姜萌轩,周睿君","2017,12,22",废柴王爷2之御姐王妃,喜剧
,,"邢城,王文","2017,01,26",99次心动计划,"喜剧,爱情"
,,"图特哈蒙,幽舞越山","2017,02,14",冰箱里的企鹅,"动画,短片"
,,,"2017,06,06",摇滚三国,"剧情,喜剧"
"黄由启,杨孟霖,张津赫",,张荣华,"2017,02,27",拜托！别黑我！番外,"剧情,喜剧,爱情"
"李勤勤,肥龙",,彭韬,"2017,12,01",别离,"剧情,家庭"
"郭太旭,杨小兰,石梁一骁,吴冰",31万,孟晖,"2017,01,20",大魔法师孟兜兜,"喜剧,动画,奇幻"
张春光,,"袁敏,吴伟","2017,04,20",东北三宝,"剧情,喜剧"
"李英勋,潘思羽,雷鹏宇,张京生",3万,贺丰,"2017,02,14",欧爸的情人,"剧情,爱情"
许鑫,,古训超,"2017,02,13",我们那些年,"剧情,爱情"
"孔维一,张晨,郭燕芸,石海玉",436万,张大磊,"2017,03,24",八月,"剧情,家庭"
,,,"2017,06,16",爱慕么么哒,"喜剧,爱情"
"黄子韬,杨采钰,杜天皓,李梦",937万,张荣吉,"2017,05,27",夏天19岁的肖像,"爱情,悬疑"
"徐娇,胡夏,鲁诺,王力宏",766万,彭发,"2017,09,15",会痛的十七岁,爱情
"景甜,欧豪,黑木明纱,林遣都",3041万,蒋卓原,"2017,07,12",青禾男高,"剧情,喜剧,动作"
"马克·沃尔伯格,米歇尔·莫纳汉,约翰·古德曼,J·K·西蒙斯",2109万,彼得·博格,"2017,11,17",恐袭波士顿,"剧情,惊悚,历史"
"陈浩民,林子聪,蓝燕,林枫松",,蔺水净,"2017,03,15",斗战胜佛,"动作,奇幻,普通话,功夫,网络大电影"
"石磊,袁泽宇,芒来,季冠霖",3040万,王微,"2017,07,21",阿唐奇遇,"动画,冒险,家庭"
,,"刘惠,黄浚良,刘自强,王曦","2017,08",狮父,"动作,武侠"
"黄一琳,谢苗,九孔,马京京",,谭俏,"2017,01,30",大梦西游2铁扇公主,"剧情,动作,奇幻"
,,史蒂文·斯皮尔伯格,2017,回到未来,喜剧
"姜星丘,邓紫衣,丁一",,牛朝阳,"2017,04,14",床下有人4：异能觉醒,"悬疑,惊悚,恐怖"
,,Andrej Iliev,"2017,12,31",Making Movies,喜剧
"刘桦,段博文,蒋中炜",,高瞻,"2017,04",无辜者,"悬疑,犯罪"
,,"安琥,安乐",2017,那片星空,剧情
"徐巾淇,王兴元",,鹿峰,"2017,05",野人之雨林诀,"剧情,战争"
"山新,乔诗语,李姗姗,胡越",307万,刘可欣,"2017,01,13",超能龙骑侠,"动画,冒险,科幻"
,,,"2017,08",我与世界,
,,苏航,2017,浪客扳手侠,"喜剧,剧情"
"汪东城,佟丽娅,唐文龙,肖雨雨",1045万,潘恒生,"2011,09,23",紫宅,"爱情,悬疑,惊悚"
"温超,王子清,曾晨,唐马儒",,谢文君,"2017,04,14",戒色师,"剧情,喜剧"
,,,2017,黑带少女,动作
,,"杨荣凯,罗旖凡,Taylor Cole,泰勒·科尔,唐辰瀛",2017,空间裂缝,"科幻,惊悚"
,,,2017,龙震四海,剧情
国依铭,,王永华,2017,税风亲清,剧情
,,,2017,寻香,"剧情,短片"
,,,2017,寻找克洛托,"剧情,喜剧,爱情"
,,孙亮,2017,黑车司机,"剧情,短片"
,,,"2017,12,28",八武将,动作
"彭禺厶,王萌,周凯文,曹琦",104万,常杨,"2017,08,04",诡井,"恐怖,惊悚,悬疑"
"周鹏雨,穆建荣,陈泽帆,鹿露",12万,闫国喜,"2017,08,04",原罪的羔羊,悬疑
"陆剑民,李嘉明,邢燕子",2万,"何深华,彭志","2017,09,10",爱廉说,剧情
,,段歌,"2017,02,16",何故惹凡尘,"剧情,爱情"
,,"陈冲,金宇澄","2017,08",陈冲·上海：梅雨季节的城市穿行,"纪录片,短片"
"王宁,葛天,来喜,黄一飞",17万,袁杰,"2017,05,05",咸鱼传奇,喜剧
"Dmitriy Dyuzhev,Konstantin Khabenskiy,谢尔盖·希纳罗维",905万,"费多·德米提亚夫,达尼那·斯米德","2017,07,21",绿野仙踪之奥兹国奇幻之旅,"动画,冒险,家庭"
,,张海江,"2017,12",小王子的奇幻之旅,"喜剧,科幻,冒险"
"余培喧,周泳汐,李淼",42万,晓寒,"2017,12,02",钟馗传奇之岁寒三友,"动画,奇幻"
徐才根,,席世伟,"2017,05,24",告白,"剧情,短片"
"陈曼青,刘峻伟,周定纬,刘道玄",2万,殷敬峰,"2017,09,20",这一刻，我要世界看见,"剧情,音乐"
"昆凌,钱枫,蒲巴甲",50万,"王凯阳,章俊夫","2017,06,09",梦幻佳期,爱情
,,,2017,所罗的梦境之门,"剧情,爱情,动画,奇幻,冒险"
"廖越,罗世平",,张若以,2017,午夜迷途,"悬疑,恐怖"
,,范家其,"2017,11,17",特战王妃1幻境之争,"动作,爱情,奇幻"
,,,"2017,01,20",上海滩之旗袍侠,"喜剧,动作,爱情"
"白杨,陶金,舒绣文",,"蔡楚生,郑君里",1947,一江春水向东流,剧情
"杜旭东,郭九龙",,张飞鸿,"2017,08,05",槐秋,"剧情,家庭"
,,,2017,小戏骨：西游记车迟国,"剧情,家庭,古装"
"吴启华,麦家琪,章小军,房星彤",458万,徐林,"2017,07,20",S的秘密,"喜剧,爱情"
"赵东昊,欧阳鑫紫,李璐兵,徐珊珊",166万,蒋国权,"2017,05,26",诡异酒楼,惊悚
,,"赵小锐,昌隆,王劲松,董慧,盛喆","2017,08,04",怪笑少女,"古装,喜剧,奇幻"
"尚华,石天龙,午马",,"丁雷,陈木川","2017,03,31",商界,剧情
"陈瑾,郝怡霖,林京来",6万,"田玉奎,马建军","2017,06,02",小茜当家,"剧情,家庭"
"宋晓宇,李垚,徐炜,葛平",336万,李涛歌,"2017,08,04",大象林旺之一炮成名,"动作,动画,战争,冒险"
"赵奕欢,文卓",,管晓杰,"2017,02,03",后备空姐2：重返月球,"剧情,科幻"
"王靖云,孙金良,韦蔼芯,迟志强",2万,朱江华,"2017,03,03",咱们分手吧,"剧情,爱情"
"王迅,张瑶,张峻豪,安志杰",,刘镇伟,"2017,10,13",你往哪里跑,喜剧
"袁愿,严宇馨",,陈清,2017,女神厨房,"爱情,喜剧"
"张迅,郭月,蒋中炜,陈涵",,王飞飞,"2017,09",何日君再来,剧情
"魏辰妃,李华,纪凯童,申泰明",83万,纪磊,"2017,03,10",斗魂之熊孩子,"喜剧,动作,家庭"
,,,"2017,03,19",一群蛋糕,喜剧
"孙雅,代晓菲,方辉,徐成峰",,胡平,"2017,05,11",故乡面·参花情,"剧情,喜剧,爱情"
"李哲,季晨,蔡俊涛",306万,"彭蓝郁,郭明尔","2017,05,11",花腰恋歌,"剧情,爱情"
,,"张耀天,杨谨华,佴一文","2017,08,31",我妻子的谎言,爱情
"杨卿,张恩齐",,窦微,"2017,01,05",十八盗之云中鹤,"喜剧,悬疑,古装"
,,"陈碧舸,朱赢椿","2017,09,08",南京面孔,
"高瀚宇,潘时七,侯雪龙,贡米",26万,薛芳民,"2017,03,14",小阴谋大爱情,"剧情,爱情,悬疑"
"王梓,谭增卫,高其昌,苏鑫",,彭擎政,"2017,10,10",饮湖上初晴后雨,"动画,短片"
,,,2017,追杀金顺南,剧情
"邱昊奇,陈淋,张驰",,卫立洲,"2017,05,25",中医神探,"喜剧,悬疑"
"韩志硕,施予斐,颜一海",,曲荣达,"2017,04,05",夺命轮回,"动作,爱情,科幻,悬疑"
,,"春夏,许魏洲","2017,06,22",再见初恋,短片
,,,"2017,05",春夏,"剧情,短片"
,,,"2017,04,29",总裁在上10：爱火重燃,
,,"邱士鉴,李泽宇","2017,07,06",新聊斋之僵尸新娘,"剧情,悬疑,惊悚,恐怖"
"洪天明,桑平,王厦",,王子,"2017,09,15",魔兽兄弟,"普通话,网络大电影"
"罗丹,章申,黄薇,饶敏",,王加宾,"2017,07,01",归来1997,剧情
"赵涛,梁景东,梅芙·金琴丝",854万,"沃尔特·塞勒斯,马德哈尔·班达卡","2017,10,19",时间去哪儿了,剧情
"严丽祯,李晔,王衡",3171万,"申宇,黄燕","2017,08,04",玩偶奇兵,"动画,冒险,奇幻"
"张永达,庄小龙,李相炫,龙馨悦",19万,刘艳杰,"2017,07,21",战刀屠狼,"动作,犯罪"
,,罗振宇,"2017,12,31",深圳卫视“时间的朋友”2017跨年演讲,脱口秀
"卜冠今,刘畅,李梦,曲哲明",882万,韩天,"2017,10,05",那一场呼啸而过的青春,"剧情,爱情"
"王栎鑫,潘时七,余玥,季肖冰",430万,王文,"2017,11,28",垫底联盟,"剧情,喜剧"
"凯特琳·克玛,乔治·麦克托,JD·贝斯·希尔",12万,"沈好放,理查德·路易斯·安德森","2015,09,17",在刺刀和藩篱下,"剧情,历史,纪录片"
"姜武,蒋勤勤,朱旭,李乃文",2502万,梁栋,"2017,02,17",完美有多美,"剧情,喜剧,奇幻"
"魏大勋,郭姝彤,张萌,魏天浩",226万,曹大伟,"2017,10,27",因为爱情,"剧情,喜剧,爱情"
"尤勇智,章贺,叶一云,刘晓虎",,孟凡,"2017,10,11",红线,"剧情,战争"
,,张文龙,"2017,07,21",南京南,剧情
"凯蒂·萨瓦,克瑞姆·柏辛,凯瑟琳·希金斯,陈钰芸",370万,司徒永华,"2017,11,17",深宫怨灵,"恐怖,惊悚,悬疑"
王志轩,,王骏晔,"2017,05,10",热血长安 第二季,悬疑
"岳云鹏,袁姗姗,孙坚",6370万,"钟少雄,田蒙","2017,02,14",疯岳撬佳人,"喜剧,爱情"
,,"杜雨宸,倪慕斯,葛荟婕","2017,03,18",念力猎人,"动作,魔幻,普通话,网络大电影"
"张跃刚,纵昕芸",,魏然,2017,画壁之消失的校花,"惊悚,悬疑,爱情"
"郑秀文,张孝全,冯文娟,金巧巧",5938万,刘国楠,"2017,02,14",合约男女,"喜剧,爱情"
"涓子,王澜,周浩东",1万,"王景光,金韬","2017,07,07",伊犁河谷,"剧情,爱情"
,,,2017,Ink & Rain,"动作,奇幻,科幻"
"李至正,程媛媛,赵圆圆,李进荣",16万,郑真,"2017,10,26",爱情邮局,"剧情,爱情"
,,,"2017,12,03",外星人,"爱情,科幻,奇幻"
"周冉,周柯伊,陶冰蓝",,"潘礼平,高翔","2017,01,16",小戏骨：西游记之红孩儿,"古装,剧情"
"安志杰,周韦彤,郑则仕",11万,"吴品儒,劳剑华","2017,04,14",玩命试爱,"喜剧,爱情"
"李彩桦,黎源,李勤勤",34万,"马建军,卢奇","2017,11,24",北纬二十八度,"剧情,爱情"
刘峰超,,安然,"2017,01,12",血战边境线,动作
,,MTJJ,"2017,01,11",罗小黑战记番外篇4：嘘,"动画,短片,音乐"
"班嘉佳,赵奕欢,布鲁斯,印小天",,王月心,"2017,03,10",猫先生与猪小姐,"喜剧,爱情"
,,"涂圣成,李靖,龙武,周开开","2017,10,22",火烧红莲寺之红姑前传,"动作,爱情,武侠,古装"
,,"张湾湾,沈驰","2017,01,06",大宋绯闻录,喜剧
,,李杨,"2017,04,25",杀人游戏之夺命骷髅,"悬疑,惊悚,恐怖,冒险"
"黄轩,赵丽颖,张一山",,"路阳,许宏宇","2017,12,18",2017最美表演,短片
,,,"2017,07,27",超能金刚男友,
,,"张钧涵,龙武,沈威,范俊涵,张羽","2017,05,29",澳门往事之虎龙斗,"剧情,犯罪"
,,汤继业,"2017,05,28",水神娃,"动画,冒险"
"季冠霖,凯特·温丝莱特",,约翰·唐纳,"2017,12,27",雪地求生：熊孩子的奇幻之旅,纪录片
"Micol Forti,Antonio Paolucci,Paolo Portoghesi,Claudio Strinati",6万,卢卡·维奥托,"2017,07,15",罗马四大圣殿,纪录片
本李,,本李,"2017,01,16",我是你爸爸,"剧情,喜剧,短片,家庭"
,,"王力宏,范冰冰,陈伟霆,张杰,杨幂","2017,12,31",2018梦圆东方跨年盛典,歌舞
,,"萧寒,梁君健","2017,03,06",喜马拉雅天梯,纪录片
"孙宝光,彭玉,吕晓禾,徐丰年",10万,张一鸣,"2017,10,20",大爱无言,剧情
,,,"2017,10,24",豆腐貂蝉,剧情
"博尔吉特,万梓良,杨明逸",,"邱晓军,曲远巍","2017,08,28",情迷意大利,"剧情,喜剧,爱情"
"王志刚,张德晖,李美慧,王九胜",,周德新,2017,侠探锦毛鼠之血弥东京,"剧情,动作,悬疑"
,,"范薇,陈怡凡,向俞星,李根","2017,06,17",猎兽少女队,"动作,科幻"
"刘玉婷,段浩晟,白茹",12万,"秦炎仕,唐昱","2017,09,22",魔都爱之十二星座,"剧情,爱情"
,,,"2017,04,14",总裁在上8：偏执爱成狂,
,,,"2017,02,20",咏春侠,
"张旭洲,贾征宇,郑旭东",,郑凯君,"2017,02,12",中华料理师,剧情
"张优,李菁,马捷,杨佳音",,赵冉,"2017,06,02",梦游侠,"喜剧,科幻"
张竞达,,胡博,2017,嗜血妖姬之末日少女,"喜剧,爱情,惊悚,奇幻"
"纪晓红,黄景瑜",,马史,"2017,08,28",三生三世为美而生,"爱情,短片"
"向昊,Eason,李漠楠,赵吉",1万,关尔,"2017,07,14",爱爱囧事2,"剧情,喜剧,爱情"
,,,"2017,03,16",福星特攻队,"喜剧,动作"
,,"李奔,李火火,陈洛伊","2017,05,21",鬼面车神,"喜剧,动作,爱情"
"阳巧玥,蒋笑笑,李梓辰",,蒋笑笑,"2017,03,22",欲望手机：天使诱惑,"喜剧,剧情"
,,,"2017,04,06",不忘初心,剧情
"刘松仁,吕星辰,吴俊余,王厦",491万,吕列,"2017,05,18",20:16,剧情
,,张冰倩,"2017,06,08",血猎者之吸血女王,"剧情,动作,爱情,惊悚,奇幻"
"金子,郭小雨,石晨,冯思米",107万,刘凌,"2017,07,09",阳光萌星社,剧情
"罗翔,陈美行,彭波,于新博",155万,邢博,"2017,09,21",画室惊魂,"恐怖,惊悚"
,,"杨澜,钱文忠,白羽,马滢,孙鹏飞","2017,11,21",家风中华,"访谈,文化"
,,"邓月平,张兆辉,甄咏珊,金刚","2017,07,15",扫黄,"动作,犯罪"
"惠英红,黄德斌,余秋瑶",214万,"陈鹏振,翁秀兰","2017,01,20",心惊胆战,"惊悚,恐怖,剧情"
"刘碧荷,唐浩,吴逸迦",,吴鹰翔,"2017,04,23",不正常人类研究中心,"剧情,悬疑"
,,段玉宝,"2017,04,18",318女生宿舍,"悬疑,惊悚,恐怖"
"谭元元,罗伊德·瑞金斯,莎拉·凡·帕顿,蒂伊特·海利梅茨",,托马斯·格瑞姆,"2017,12,17,16,30",小美人鱼,"剧情,爱情,舞台艺术"
"道恩·强森,埃德加·拉米雷兹,艾米莉·布朗特",,"约翰·里夸,格伦·费卡拉",2017,丛林巡航,冒险
"叶梓棠,何聪睿",,徐家辉,2017,狗仔英雄,"喜剧,爱情,犯罪"
"吕佳容,王艳梅,韩振华",,陈星池,"2017,12,25",订制爱情,"剧情,爱情,悬疑,家庭"
,,王一骜,2017,狗,纪录片
"蕾妮·齐薇格,科林·费斯,帕特里克·德姆西,吉姆·布劳德本特",550万,莎伦·马奎尔,"2017,01,01",单身日记：好孕来袭,"喜剧,爱情"
"阿兰·夏巴,奥黛丽·塔图,皮奥·马麦,格什菲·法拉哈尼",493万,阿兰·夏巴,"2017,12,15",圣诞奇妙公司,"喜剧,家庭"
,,程小东,2017,西游记之盘丝洞,"剧情,动作,奇幻"
,,陈国,"2017,09,08",丧尸的救赎,奇幻
"郑恺,热依扎,郭晓东",1294万,"黄志伟,钱江汉","2017,05,27",临时演员,"喜剧,爱情"
"杨进,唐泽宗,吴凡,王雪沁",234万,李霞,"2017,01,07",辛巴达与美人鱼公主,"喜剧,动画,奇幻,冒险"
"寇世勋,刘筱筱,王柏杰,钟证祥",35万,王艺,"2017,10,24",情比山高,"剧情,爱情"
"袁泉,王千源,俞飞鸿,宁静",,赵薇,2017,没有别的爱,"剧情,犯罪"
"刘亦菲,埃米尔·赫斯基,李芳淙,严屹宽",2946万,比利·奥古斯特,"2017,11,10",烽火芳菲,"爱情,战争,历史"
,,"李宗盛,李志,罗大佑,朴树","2017,05,24",超级版·大事发声,"音乐,真人秀"
"李奕增,张悦楠,舒贵林,孙书博",,田甜,"2017,07,13",卫校男生,"喜剧,爱情"
"汤姆·希德勒斯顿,塞缪尔·杰克逊,约翰·古德曼,布丽·拉尔森",11.59亿,乔丹·沃格特-罗伯茨,"2017,03,24",金刚：骷髅岛,"动作,冒险,奇幻"
,,,2017,大白鲸,"动作,冒险"
"段奕宏,江一燕,杜源,郑伟",2717万,董越,"2017,11,17",暴雪将至,"剧情,悬疑,犯罪"
"王威,火婧楠,李坤,潘嘉俊",4万,闫学开,"2017,05,19",逆路,"动作,犯罪"
"时卉,廖娟,司源,薛从海",,王子,"2017,06,26",爱很简单,"剧情,喜剧,爱情"
,,"韩红,李玟,林忆莲,林志炫,迪玛希·库达依别列根","2017,04,22",歌手：十全十美巅峰会,"音乐,真人秀"
,,王睿,"2017,02,21",你好，差生！,"剧情,喜剧"
"曹操,王静博,甫枭虎,蒋欣枚",37万,李宗泰,"2017,10,24",童话先生,喜剧
,,"景岗山,谢霆锋,卢庚戌,张楚,马頔","2017,09,29",一人一首成名曲,"音乐,传记,真人秀,脱口秀"
"来喜,居文沛,王迅",,"李克龙,邓访","2017,09,08",逆生·致亲爱的小孩,"剧情,家庭"
"谯丹,唐楚梵,张祎格,格桑卓玛",20万,丁林,"2017,06,01",红军小学,"剧情,历史"
柏咏枚,,汪灏,"2017,10,26",挑山女人,剧情
"阎维文,侯岩松,胡哲行,吴卫东",191万,高峰,"2017,06,30",冯梦龙传奇,"传记,古装,剧情"
"韩立,贡米,彭波,苑琼丹",39万,赵宏丽,"2017,01,24",老师也疯狂,"喜剧,家庭"
"赵广群,张二丹,易莉,王晓曦",,易莉,"2017,04,14",村长相声哥,"剧情,喜剧,爱情"
"蒂尔·施威格,马提亚斯·施维赫夫,扬·约瑟夫·利费斯,米夏埃尔·赫尔比希",354万,沃尔夫冈·彼德森,"2017,12,01",夺金四贱客,"喜剧,犯罪"
梁靖康,,贺之怡,"2017,05,27",猫妖传奇,"剧情,喜剧,爱情,奇幻"
"乔·佩西,乌比·戈德堡,马克西姆·契克哈里尤夫,康斯坦丁·哈宾斯基",1151万,马克西姆·法捷耶夫,"2017,04,29",灵狼传奇,"动画,冒险,奇幻"
"王力可,杨昆,田重,刘挺",447万,杨真,"2017,04,21",窦娥奇冤,"剧情,动作,悬疑"
"成琪,向奕铮,李豪,戴丽哈",28万,王择谚,"2017,06,16",十七岁的雨季,"剧情,爱情"
"王良,施景子,苗青,宋睿",292万,王良,"2017,11,24",七月半3：灵触第七感,恐怖
"郭馨雅,林佑俽,屈中恒,蒋笃慧",1224万,邱立伟,"2017,12,30",小猫巴克里,"动画,冒险,家庭"
"桂纶镁,王景春,欧阳娜娜,王元也",1762万,何蔚庭,"2017,06,02",美好的意外,"喜剧,奇幻"
"徐瑞阳,赵倩,姜启杨,徐万学",4万,徐瑞阳,"2017,08,11",隐隐惊马槽之决战女僵尸,"动作,惊悚,悬疑"
"丹尼拉·科兹洛夫斯基,斯维特拉纳·库德钦科娃,乔金·奈特奎斯特,伊戈尔·别特连科",1412万,安德列·克拉夫丘克,"2017,12,01",维京:王者之战,"剧情,动作,历史"
"赵晓明,韩月乔,祝新运",91万,"张春和,王磊","2017,11,08",云上石头城,"剧情,爱情,家庭"
"童苡萱,张翔玲,程思嘉,张弘毅",,陈聪聪,"2017,12,01",狼人杀,"剧情,动作,悬疑,惊悚,犯罪"
,,,2017,太阳的后裔,剧情
"张怀秋,项瑾,梁正群",4万,"郭春晖,林清振","2017,10,20",请爱我的女朋友,爱情
"朱强,王蓉蓉,孟广禄,谭孝曾",2万,马崇杰,"2017,04,21",赵氏孤儿,戏曲
,,颜丹晨,"2017,01,13",异闻录之灵瞳,"悬疑,惊悚"
"童苡萱,王维琳,刘泯廷",,刘青松,"2017,08,03",许我爱你,"爱情,剧情"
,,"王俊凯,张子枫","2017,09,11",看不见的TA之做朋友吧,"剧情,短片,奇幻"
"杰森·克拉克,裴淳华,杰克·奥康奈尔,米娅·华希科沃斯卡",393万,塞德里克·吉门内兹,"2017,11,24",刺杀盖世太保,"剧情,战争,历史"
"张国荣,陈百强,钟保罗,徐杰",610万,霍耀良,"2017,09,08",失业生,"剧情,爱情"
"张孝全,周冬雨,谢依霖,纳豆",451万,关智耀,"2017,04,14",指甲刀人魔,"喜剧,爱情,奇幻"
"张俪,锦荣,李子峰,李若彤",334万,马伟豪,"2017,10,20",蝴蝶公墓,"爱情,悬疑,奇幻"
"范楚绒,洪海天,谢元真,王燕华",4635万,何子力,"2015,05,29",潜艇总动员之时光宝盒,"喜剧,动画,冒险"
"何润东,黄子韬,古力娜扎,王学圻",1.03亿,高希希,"2017,02,10",游戏规则,"剧情,动作"
,,"李宇春,蔡依林,李易峰,陈伟霆,迪玛希·库达依别列根","2017,06,10",2017浙江卫视反正都精彩年中盛典,"音乐,歌舞,脱口秀"
"吕豆,禹祥,绿绮",1568万,"刘骏,牛志远","2017,05,27",我的爸爸是国王,"动画,奇幻,家庭"
"水原碧衣,杨钧承,刘伟",30万,"童江南,田苹","2017,06,12",神农溪之恋漂洋过海来爱你,"剧情,爱情"
,,,"2017,06,25",迈克尔·杰克逊：寻访梦幻岛,"纪录片,传记"
"何炅,钟欣潼,蔡卓妍,邓丽欣",982万,刘镇伟,"2017,06,30",仙球大战,"喜剧,古装"
,,,"2017,01",白蛇传,戏曲
,,"黄才伦,张浩","2017,04,08",二龙湖浩哥之江湖学院,喜剧
,,,"2017,05,26",绑架马云上,"喜剧,爱情"
"胡婷,周微,孟雨田",59万,"李杨武,李扬武","2017,01,20",蛋计划,"喜剧,动画,冒险"
"叶鹏,陈奕静,陈欣孺",12万,林溪,"2017,08,25",真爱禁区,爱情
"林依晨,凤小岳,程予希,詹怀云",53万,傅天余,"2017,04,14",爱情冻住了,"喜剧,爱情"
,,"崔健,朴树,刘欢,黄家强,窦靖童","2017,12,31",北京卫视2018环球跨年冰雪盛典,晚会
,,李海蜀,2017,假日特攻,"喜剧,动作,犯罪"
"陈浩民,阚犇犇,涂黎曼,严艺丹",,李国沅,"2017,11,10",青天降妖录,"战争,奇幻,古装"
"张一山,笑嘻嘻,张蓝心,谢依霖",200万,陈玮卿,"2017,12,01",冒牌监护人之寻宝闹翻天,"喜剧,动作"
,,"孙骁骁,汪海林,史航,马薇薇,刘学义","2017,03,06",今夜有剧毒,"脱口秀,喜剧"
"劳米·拉佩斯,奥兰多·布鲁姆,托妮·科莱特,约翰·马尔科维奇",387万,迈克尔·艾普特,"2017,09,22",惊天解密,"动作,悬疑,惊悚"
"胡夏,高泰宇,谢彬彬",,"程中豪,王凯",2017,我与世界只差一个你,"剧情,爱情"
"杜海涛,郭艳,高泰宇,姜潮",,张全欣,"2017,12",奇妙的朋友之萌爱2016,"剧情,喜剧"
"黎明,姚星彤,范雨林,陈观泰",,君子道若水,2017,君子道：上海滩后传,剧情
"梁辰羽,龙馨悦,孙乐天,郑小毛",6万,刘艳杰,"2017,06,09",谁知道,"悬疑,惊悚"
"于谦,黄一琳,汪东城,李立群",179万,米宝,"2017,10,20",坑爹游戏,"剧情,喜剧,家庭"
"郭采洁,杨祐宁,曾志伟,猪哥亮",770万,邱瓈宽,"2017,06,23",我不做大哥好多年,"喜剧,爱情,动作"
"景珂,樊昊仑,上白,周韵茹",212万,樊昊仑,"2017,11,30",你在哪,"剧情,悬疑,犯罪"
"杰弗里·迪恩·摩根,罗伯特·德尼罗,凯特·波茨沃斯,戴夫·巴蒂斯塔",325万,斯科特·曼,"2017,12,08",双面劫匪,"动作,惊悚,犯罪"
"方力申,曾江,徐冬梅,李勤勤",19万,杨健,"2017,11,03",宝贝特攻,"喜剧,动作"
,,,"2017,01,15",走向世界的中国京剧电影——霸王别姬,纪录片
,,,2017,滚蛋吧！肿瘤君,"剧情,喜剧,家庭"
"吕聿来,康凯,赵聪,闫飞龙",60万,白翎,"2017,04,07",惊悚小说,"恐怖,惊悚,悬疑"
,,"李斯丹妮,李好,李响,张纯烨,古巨基","2017,01,28",2017江苏卫视春节联欢晚会,歌舞
,,"杜海涛,陈凯翔,吕宇,王芯芯","2017,03,22",忍者传说之高校争霸,动作
"夏望,唐小然,杨玥",,薛芳民,"2017,05,03",校花生死恋,爱情
"郭九龙,郭凯敏,牛犇",2万,"于长江,于乐","2017,11,20",紫薇飘香,剧情
"詹姆斯·弗兰科,卡米拉·贝勒",,"珍娜·卡瓦列,Luke Haskard",2017,疯狂的鲸鱼,剧情
"金允石,李秉宪,朴海日,高洙",25万美元,黄东赫,"2017,10,03",南汉山城,"剧情,历史,战争"
"金亮,金柯,王威,纵昕芸",,陈诺,"2017,07,05",梦境生死劫,冒险
,,"黄恩茹,陈倩楠,李梓,傅汉源,李想","2017,10,06",有言在仙,"剧情,喜剧,爱情"
"鲁诺,姚岗,薛小冉",,孙周,"2017,01,04",铁树银花,短片
"张洋,吴凡,唐泽宗,陈新月",247万,张恒,"2017,09,16",真假森林王,"喜剧,动画,家庭"
"白举纲,连奕名,洪剑涛,王泷正",1645万,徐兵,"2017,06,23",缉枪,"剧情,动作,犯罪"
"李抒航,张定涵,徐少强,何昊阳",18万,李抒航,"2017,07,14",片甲不留,剧情
"艾伦,王自健,田亮,胡杏儿",712万,王宁,"2017,03,10",玛格丽特的春天,"喜剧,爱情"
"徐源,晨媛儿",,刘艳臣,"2017,10",野百合女孩,剧情
"张美娟,赵梦娇,陈大刚,刘浏",1394万,杨广福,"2015,12,12",咕噜咕噜美人鱼,"喜剧,动画,冒险"
,,"王泊文,李春嫒,李柏谊","2017,01,17",生有余罪,"剧情,悬疑,犯罪"
"姚雨鑫,谢容儿,岳文龙,王翼鹏",121万,陆诗雷,"2017,04,14",怨灵宿舍之人偶老师,"恐怖,惊悚,悬疑"
"高姝瑶,范植伟",104万,徐艺华,"2017,08,28",一路向爱,"剧情,爱情"
,,"赵君,孙锡堃,曹艳艳,张志宏,林继东","2017,01,09",都是为你好,剧情
,,"孙晔,李敏妍,周帅","2017,10,05",秦时明月之医者入世,"剧情,动画"
"王李丹妮,郭艳,倪大红,南笙",58万,邢博,"2017,04,27",夜闯寡妇村,"惊悚,悬疑,情色"
"黄奕,范逸臣,沈梦辰,韩承羽",49万,刘欣翰,"2017,11,03",识色，幸也,"剧情,爱情"
"李天佑,王小源,胡洋,吴琼",,何子强,"2017,08,04",人间大炮,"喜剧,战争"
"马可,李毓芬,张思帆,游游",21万,张显,"2017,09,22",请勿靠近,"惊悚,悬疑,冒险"
,,"彭皓锋,刘玉翠","2017,02,28",七娃捉妖记,"奇幻,冒险,古装"
"昆凌,苗圃,王鸥,王学圻",,王学圻,2017,以父之名,剧情
,,,"2017,01,27",新大头儿子和小头爸爸之年的味道,动画
,,,"2017,04,21",阴阳魔师,"喜剧,爱情,奇幻"
"吴耀汉,钱小豪,赵东昊,瑞塔·维泽尔",,刘观伟,"2017,02,26",天师归来,"惊悚,奇幻"
,,林云翔,"2017,03,12",美女食人族,"剧情,喜剧,爱情,冒险"
"王千源,余男,南宫珉,潘斌龙",377万,夏钢,"2017,03,10",夜色撩人,"剧情,悬疑,犯罪"
,,马梦乔,"2017,03,03",狗眼看阴阳4涅槃重生,"剧情,喜剧"
,,"陈玉勇,付赫安琪,王蕾","2017,12,04",人鬼交易所2,"喜剧,惊悚,恐怖"
"张蓝艺,刘一辰,刘洛汐,林奕菲",470万,摩撒利,"2017,03,17",通灵姐妹,"惊悚,恐怖"
"刘青,李浩轩,白瑶,贲蓝琪",214万,李耀东,"2017,07,28",夜半凶铃,"恐怖,悬疑"
,,皮逸嘉,"2017,01,19",西游记之真假公主,"喜剧,奇幻,古装"
,,鞠婧祎,"2017,12,27",StarLight·星梦之光 花与泪的绽放,"纪录片,短片"
"陈圆,刘俐儿,宋伟,聂晶磊",308万,陆诗雨,"2017,06,09",碟仙之毕业照,"恐怖,惊悚,悬疑"
"姚雷,郭盛,李姗姗,谢昀杉",798万,邓伟锋,"2017,02,05",萤火奇兵,"喜剧,动画,奇幻"
,,,2017,神笔马良,武侠
"庄崧冽,毛继鸿,钱小华",142万,"施秋荣,胡弦","2017,06,10",内心引力,纪录片
,,"钟一宪,陈丽玲","2017,06,19",僵尸英雄2古墓传说,"剧情,惊悚,奇幻"
"廖启智,林耀声,胡子彤,潘灿良",374万,陈志发,"2017,04,07",点五步,"剧情,运动"
"董勇,刘桦,曹曦文,胡明",,高则豪,"2017,07,22",杀瓜,剧情
"施展,文梦洋,兰岚,廖越",153万,欧阳奋强,"2017,03,10",诡眼,"恐怖,惊悚,悬疑"
,,"谢坤达,翁滋蔓,欧弟,赵正平","2017,03,16",美人清除计划,"喜剧,动作,科幻,悬疑"
"张涵予,杜淳,甘婷婷",,"鞠觉亮,王艺",2017,水浒传之行者武松,"剧情,动作,传记"
"张超,孔宋今,辛芷蕾,赵文瑄",,宁奕,2017,三重魅影,"爱情,悬疑"
"阿诺德·施瓦辛格,玛姬·格蕾斯,斯科特·麦克纳里,朱达·纳尔逊",97万,艾略特·莱斯特,"2017,12,01",空难余波,"剧情,惊悚"
"王嘉,萧浩冉,韦礼安,卢燕",17万,丑丑,"2017,11,17",侗族大歌,"剧情,爱情"
"范逸臣,车永莉,龚格尔,董立范",10万,李柯,"2017,05,26",黑白照相馆,喜剧
"郑国霖,祁心蕊,十九号,程皓枫",130万,李南,"2017,08,18",我是谁的宝贝,"剧情,犯罪,家庭"
"陈圆,奇凌,郑文杰,黄菀乔",377万,李斌,"2017,09,08",诡域新娘,"惊悚,恐怖"
,,,"2017,01,13",青城僵尸,
"杨思琦,李铭顺,张可颐,刘心悠",184万,高志森,"2017,06,16",女人永远是对的,"喜剧,爱情"
"孙坚,陈燃,汪洋,王学敏",56万,颢然,"2017,09,08",蜜月计划,"喜剧,爱情"
"马志威,王敏奕,符龙飞,林雪",215万,叶曦,"2017,09,15",初恋日记,"剧情,喜剧,爱情"
"王俊凯,易烊千玺,王源",,安竹间,"2017,11,11",萌主的考验,短片
,,,"2017,01,07",封神战记3：武动苍穹,"喜剧,奇幻"
"宣言,任晗,王远达,马书良",,王海,"2017,05,30",创梦时代,"华语,爱情,普通话,网络大电影,独播"
"文卓,朱佳希,李渊,李炳渊",149万,朱林森,"2017,02,17",血伞凶灵,"爱情,惊悚"
"田小洁,耿黎明",,钱泠泠,"2017,03,08",我的上高,"剧情,战争"
,,"刘青,王璐瑶,董立范",2017,恐怖游戏之死亡来电,"剧情,爱情,悬疑,惊悚"
,,"田馥甄,张碧晨,林宥嘉,于朦胧,王嘉尔","2017,07,19",2017亚洲金曲大赏,音乐
,,"卜冠今,王今心","2017,06,04",消失的嫌疑人,"悬疑,犯罪"
"博尔吉特,巴多,李雨秦,李东艾",84万,牟天翔,"2017,11,24",炸裂青春,"剧情,运动"
李坤,,陈国,2017,人熊森林,奇幻
"刘天宝,江兰萱,何柔熹",,"昆汀,邓安东","2017,11,17",活死人入侵,"爱情,动作,科幻"
,,"立花慎之介,猪口有佳","2017,12,22",巧克力与香子兰,"剧情,动画"
,,薛之谦,"2017,08,04",2017，再见美好,短片
"许秋阳,凡小,果衫,陈新",,蒋叶峰,"2017,10,01",大熊猫传奇,"剧情,动画,悬疑"
"黄海冰,王彦华,李菁,李奔",12万,冯超,"2017,11,24",玩命大师,喜剧
"李一君,郑博元,汪泽坤,周爽丽",7万,连子,"2017,06,16",我的青春你来过,"剧情,爱情"
"黄恺杰,王奕瑾,范逸臣,钱柏渝",872万,王毓雅,"2017,05,12",以爱为名,"剧情,爱情"
"程媛媛,高海",,秦教授,"2017,01,13",盗墓迷情之千年王妃,"爱情,悬疑"
"黄渤,季冠霖,宣晓鸣,周志强",2525万,刘可欣,"2012,05,28",摩尔庄园2：海妖宝藏,动画
"覃炜,刘頔,张峰硕,桑娜",,麦田,"2017,03,23",西游之牛魔王,"喜剧,动作,爱情,奇幻"
"齐如意,侯桐江,王光辉",4万,"陶盟喜,杨晟虔","2017,04,21",我的青春永不逝,"剧情,传记"
"辉灿,何乙轩,周昕妤,郭亚菲",592万,王俊潾,"2017,03,03",惊魂绣花鞋,"剧情,惊悚,悬疑"
"赵鸿飞,苏倩薇,栾浚威,赵杰",,范冬雨,"2017,01,03",暗器,"动作,武侠"
"张艾嘉,陈泽耀,叶朝明,陈彦雯",,陈胜吉,"2017,06,21",分贝人生,剧情
,,徐浩峰,2017,天涯明月刀,"动作,武侠,古装"
吴永淦,,余斌,"2017,10,20",幸福转身,爱情
,,"付然,李彦,王婧晶,余铭轩","2017,04,07",53号白公馆之双生姐魅花,"剧情,爱情,悬疑,惊悚"
"张敬轩,郝蕾,林雪",44万,陈果,"2017,11,24",灿烂这一刻,"剧情,家庭"
"卢靖姗,凯尔·杜拉,范立美,Natasha Dewhurst",,克里斯托弗·泰德里克,"2017,09,01",四月花,"喜剧,爱情,悬疑"
"代旭,李晨浩,衣云鹤,张隽溢",99万,裘仲维,"2017,08,03",谁是球王,"剧情,喜剧,运动"
,,"张旭洲,傅汉源,徐言雨,黄靖翔,鲍明","2017,07,14",热血杨家将,"历史,奇幻,古装"
"陶奕希,李俊濠,陈荣达",,"潘礼平,邹江","2017,08,28",小戏骨：放开那三国,"剧情,家庭,历史,战争"
"唐文龙,王一楠,任正斌,傅斌",559万,郭松,"2017,04,25",和田玉传奇,"剧情,悬疑,冒险"
"林家栋,陈静,孙耀威,张可颐",37万,黄国辉,"2017,06,09",此情此刻,"剧情,爱情"
"蒂尔曼·多布勒,Shannon Conley,Christian Gaul",234万,"托比·格恩科尔,雷扎·梅马里","2017,09,22",理查大冒险,"喜剧,动画,冒险"
"陈浩民,薛佳凝,罗兰,王皓祯",473万,张洋,"2017,06,16",借眼,"惊悚,悬疑,犯罪"
"查澈威·德查拉朋,素帕娜·吉塔勒拉",,杨凯渊,"2017,06,15",爱尚泰国,喜剧
"曾帅,苗青,卓凡,武虹言",233万,王良,"2017,04,28",午夜惊魂路,"惊悚,恐怖"
"陈天星,江若琳,贾盛强,罗蓝山",222万,胡艺川,"2017,06,30",乡关何处,剧情
,,,2017,盗钥匙的方法,喜剧
"孙博,刘雪涛,徐唯,李昊泽",33万,宋灏霖,"2017,11,10",猪太狼的夏天,"剧情,喜剧"
,147万,"董大可,马元","2017,06,01",功夫小兔侠,"喜剧,动画"
,,鞠婧祎,"2017,06,18",鞠婧祎“等不到你”生日会,"纪录片,音乐"
"蒋欣,九孔,秦沛,黄品源",76万,李金瀚,"2017,06,09",麻辣学院,"喜剧,剧情"
"殷果儿,姜星丘,任青安,陈嘉敏",502万,陆诗雷,"2017,01,06",恐怖理发店,"爱情,惊悚,悬疑"
"王德顺,李纯,班杰,徐明辉",10万,张柏瑞,"2017,04,07",海角有个五店市,"剧情,爱情"
"郑智勋,齐浠儿,王雅静,陈承",,高跃铭,"2017,08,22",我的舞林江湖,"剧情,喜剧,爱情"
"刘牧,吴冰,王艺涵,李泽同",7万,张艺飞,"2017,06,01",北极星,"喜剧,家庭"
"甘于晓雪,于博宁,杨祖青,尹大为",1011万,陈海帆,"2017,06,09",异兽来袭,"惊悚,科幻,灾难"
"汤唯,张涵予",,高群书,2017,许我向你看,爱情
"黎灼灼,尚冠武,恒励",1万,"朱石麟,贺孟斧","2017,10,27",艺海风光一：电影城,剧情
"彭波,衣世雄",,李军林,"2017,11,17",喜神之赶尸风云,
,,,"2017,05,12",女总裁的王牌高手,动作
,,高群书,"2017,10",猎狐行动,"剧情,动作,犯罪"
,,,2017,电竞英雄,剧情
,,,"2017,02,08",2016年度感动中国人物颁奖典礼,
朱庭辰,,黄龙芳,"2017,09,28",奇异画师,"剧情,奇幻"
"蔡国强,蔡文悠,蔡文浩,张艺谋",210万,凯文·麦克唐纳,"2017,09,22",天梯：蔡国强的艺术,纪录片
,,韩寒,"2017,10",天空制造,"剧情,喜剧,科幻"
,,高群书,2017,太平洋大劫杀,"动作,剧情"
"李易峰,焦俊艳",,黄进,"2017,03,22",看不见的TA之时间裂缝,短片
,,李耕,"2017,07,31",交易之香水有毒,"剧情,爱情,家庭,奇幻"
"卢宇静,余浩瑞,郑欣雨,崔璨",,回宇,"2017,04,14",魔游纪3：天都暗潮,"剧情,奇幻,冒险"
,,"刘名凯,苏鑫,沈思吉","2017,02,17",那女孩真帅,"剧情,爱情"
"卢宇静,崔璨,阳蕾,李彩瑞",,回宇,"2017,04,28",魔游纪4：白骨之姬,"剧情,动作,冒险,古装"
,,"鞠婧祎,黄婷婷,费沁源,陆婷,赵粤","2017,07,29",“我心翱翔”SNH48 GROUP第四届偶像年度人气总决选演唱会,"音乐,歌舞,真人秀"
"叶青,贾景晖,林爽,李少亭",,邢键钧,"2017,01,11",缞神契约,"喜剧,爱情"
"姜潮,张嘉倪,金恩圣,马春瑞",370万,郑仕明,"2017,10,20",青春逗,"喜剧,爱情"
,,李莎旻子,"2017,09,08",快乐男声2017 粉丝答谢演唱会,真人秀
"杨小兰,尹菲,陈洁怡",,"桑木天,刘博文","2017,06,30",哀乐女子天团,"剧情,音乐"
,,"闫彦龙,王放,唐小然","2017,11,09",月·色,"剧情,爱情"
,,"吴大维,袁紫侨","2017,12,21",世界第一系列之赌神VS超能力者,"剧情,喜剧,动作,悬疑,犯罪"
"罗格·杰克逊,陆川,南希·苏利文,姚晨",485万,里昂珀多·阿格拉,"2017,09,09",怪物岛,"喜剧,动画,冒险"
李志,,赵可儿,"2017,08,18",我们的叁叁肆 陕宁篇,纪录片
"伊娜,许林,郭若寒,王瑄",315万,高育新,"2017,05,12",碟仙前传,"恐怖,惊悚"
"布丽特·罗伯森,乔什·加德,丹尼斯·奎德,佩吉·利普顿",6.07亿,拉斯·霍尔斯道姆,"2017,03,03",一条狗的使命,"剧情,喜剧,家庭"
"史蒂夫·卡瑞尔,克里斯汀·韦格,崔·帕克",10.38亿,"皮埃尔·柯芬,凯尔·巴尔达","2017,07,07",神偷奶爸3,"喜剧,动画,冒险"
"茱蒂蒙·琼查容苏因,依莎亚·贺苏汪,披纳若·苏潘平佑,查侬·散顶腾古",2.71亿,纳塔吾·彭皮里亚,"2017,10,13",天才枪手,"剧情,悬疑,犯罪"
"江一燕,赵汉唐,达哇桑周,洛桑群培",1.04亿,赵汉唐,"2017,11,03",七十七天,"剧情,冒险"
"尚雯婕,鲍春来,曾舜晞",5.21亿,"丁亮,林永长","2017,01,28",熊出没·奇幻空间,"动画,冒险"
"马云,李连杰,袁和平,洪金宝",,文章,"2017,11,11",功守道,"动作,短片"
"范·迪塞尔,甄子丹,迪皮卡·帕度柯妮,吴亦凡",11.25亿,D·J·卡卢索,"2017,02,10",极限特工：终极回归,"动作,惊悚,冒险"
"杰拉德·巴特勒,吉姆·斯特吉斯,艾比·考尼什,亚历山德拉·玛丽亚·拉娜",4.34亿,迪安·德夫林,"2017,10,27",全球风暴,"动作,惊悚,灾难"
"彭于晏,倪妮,余文乐",6.97亿,"郭子健,黄智亨","2017,07,13",悟空传,"剧情,动作,奇幻"
"大鹏,倪妮,李治廷,周冬雨",3.00亿,袁和平,"2017,12,14",奇门遁甲,"喜剧,动作,奇幻"
"王大陆,张天爱,任达华,盛冠森",1.14亿,杨磊,"2017,08,11",鲛珠传,"喜剧,动作,奇幻"
"徐璐,彭昱畅,刘泳希,骆明劼",6487万,王冉,"2017,07,20",闪光少女,"剧情,喜剧,音乐"
"刘烨,朱亚文,黄志忠,王景春",4.04亿,刘伟强,"2017,07,27",建军大业,"剧情,历史"
"瑞恩·高斯林,艾玛·斯通,约翰·传奇,J·K·西蒙斯",2.47亿,达米恩·查泽雷,"2017,02,14",爱乐之城,"剧情,爱情,歌舞"
"颜丙燕,李乃文,曹可凡,刘敏涛",,余海果,2017,许三观卖血记,剧情
"王学圻,陈瑾,墨阳,陈西贝",1.07亿,苗月,"2017,10,13",十八洞村,剧情
"李珈西,上白,张洛晨,丁宏",5万,李珈西,"2017,07,14",山无棱天地合,"喜剧,爱情"
"唐小喜,路知行,张璐,张伟",1041万,刘可欣,"2015,01,01",龙骑侠,"动画,冒险,奇幻"
,,"迪玛希·库达依别列根,蔡依林,王祖蓝,华少,杨颖","2017,12,30",浙江卫视领跑2018演唱会,真人秀
贾峰,,贾峰,"2017,05,17",悟空前传,
,,"舒格热,杜琛,王瑞儿,李牧芸","2017,04,24",葫芦奇谭之六娃的秘密,剧情
,,,"2017,08,25",零,"剧情,短片"
,,杨旻咏,"2017,05,31",校花隔壁的流川枫,"爱情,喜剧,普通话,纯爱,网络大电影"
"王漪淼,卜冠今,李豪,屈绍春",10万,王艺珺,"2017,11,28",星期8,"剧情,奇幻"
"劳伦·卡斯波特森,费德里克·博内里,亚历山大·坎贝尔,班尼特·卡特塞德",,Ross MacGibbon,"2017,12,16,16,30",罗密欧与朱丽叶,"剧情,爱情,舞台艺术"
,,安德斯·穆斯切蒂,2017,太空堡垒,"动作,科幻,冒险"
"岳红,陈西贝",,苗月,"2017,12,18",家园,喜剧
"张杨果而,孔琳,彭浩锋,李颖",681万,邵进,"2017,11,23",一路绽放,剧情
,,"彭紫烊,刘忻,陈汉典,洪倩,张晓钰","2017,07,16",热血少女,"剧情,喜剧,动作"
"鲁芬,狄威,陈观泰,安德鲁·达兹",8万,罗棋,"2017,04,07",鸡飞狗跳,"喜剧,冒险"
,,"崔文璐,都钊","2017,02",移动心迷宫,"悬疑,惊悚,恐怖"
"姚雨鑫,谢容儿,薇拉贝儿,曲馨雅",268万,陆诗雷,"2017,04,01",怨灵宿舍之白纸女生,惊悚
"马雪阳,李健仁",,董伟,"2017,03,29",特工学姐007,"剧情,喜剧,动作,爱情"
"朱军,董卿,康辉,朱迅",,杨东升,"2017,01,27",2017年中央电视台春节联欢晚会,真人秀
"童苡萱,杜奕衡,曹帅",54万,"张建成,俞晓航","2017,08,18",绝技情缘之艺魂,"剧情,爱情"
,,本尼西奥·德·托罗,2017,派拉蒙未定名影片,剧情
,,"鞠婧祎,许佳琪,赵粤,黄婷婷,邱欣怡","2017,01,07",SNH48第三届年度金曲大赏,"音乐,歌舞"
"刘佩琦,刘园园",,方军亮,"2017,10,17",守边人,剧情
,,"李映辉,陈正道",2017,循环,"剧情,悬疑"
"闫妮,杜天皓,宋伊人,张亦驰",1007万,黄美娜,"2017,05,20",美容针,"剧情,喜剧,爱情"
"克里斯·帕拉特,佐伊·索尔达娜,戴夫·巴蒂斯塔,范·迪塞尔",6.86亿,詹姆斯·古恩,"2017,05,05",银河护卫队2,"动作,冒险,科幻"
"张震,杨幂,张译,雷佳音",2.66亿,路阳,"2017,07,19",绣春刀II：修罗战场,"动作,古装,武侠"
"王俊凯,迪丽热巴,董子健,李鸿其",2.23亿,韩杰,"2017,12,29",解忧杂货店,"剧情,奇幻"
"岑日珈,庄思敏,崔碧珈,曾淑雅",1万,蔡洁铃,"2017,11,17",恋爱之瘾,"喜剧,爱情"
"马里奥·卡萨斯,阿娜·瓦格纳,何塞·科罗纳多,芭芭拉·蓝妮",1.73亿,奥里奥尔·保罗,"2017,09,15",看不见的客人,"犯罪,悬疑,惊悚"
"庄鹃瑛,林忠谕,陈玫希,姜圣民",137万,魏德圣,"2017,06,16",52赫兹，我爱你,"爱情,音乐"
"艾玛·沃特森,丹·史蒂文斯,卢克·伊万斯,乔什·加德",5.90亿,比尔·康顿,"2017,03,17",美女与野兽,"爱情,奇幻,歌舞"
"大鹏,乔杉,古力娜扎,李鸿其",4.59亿,大鹏,"2017,09,29",缝纫机乐队,"剧情,喜剧,音乐"
"佟瑞欣,王诗槐,刘小锋",20万,"王兴东,田水泉","2017,11,20",邹碧华,剧情
"甄子丹,刘德华,姜皓文",5.77亿,"王晶,关智耀","2017,09,30",追龙,"动作,犯罪"
"休·杰克曼,帕特里克·斯图尔特,达芙妮·基恩,波伊德·霍布鲁克",7.30亿,詹姆斯·曼高德,"2017,03,03",金刚狼3：殊死一战,"动作,冒险,科幻"
"Aamir Hussain Khan,沙克希·坦沃,法缇玛·萨那·纱卡,桑亚·玛荷塔",12.99亿,涅提·蒂瓦里,"2017,05,05",摔跤吧！爸爸,"喜剧,动作,家庭"
"菲丽希缇·琼斯,迭戈·卢纳,艾伦·图代克,甄子丹",4.77亿,加里斯·爱德华斯,"2017,01,06",星球大战外传：侠盗一号,"动作,冒险,科幻"
"盖尔·加朵,克里斯·派恩,罗宾·怀特,丹尼·休斯顿",6.10亿,派蒂·杰金斯,"2017,06,02",神奇女侠,"动作,冒险,奇幻"
"艾伦,马丽,沈腾",22.13亿,"宋阳,张吃鱼","2017,09,30",羞羞的铁拳,"喜剧,奇幻"
"安东尼·冈萨雷斯,本杰明·布拉特,盖尔·加西亚·贝纳尔",12.12亿,"李·昂克里奇,阿德里安·莫利纳","2017,11,24",寻梦环游记,"动画,冒险,家庭"
"松本梨香,大谷育江,市川染五郎,牧口真幸",2565万,汤山邦彦,"2017,11,11",精灵宝可梦：波尔凯尼恩与机巧的玛机雅娜,"动画,冒险,奇幻"
"本·阿弗莱克,亨利·卡维尔,盖尔·加朵,杰森·莫玛",6.91亿,扎克·施奈德,"2017,11,17",正义联盟,"动作,冒险,科幻"
"黄轩,苗苗,钟楚曦,杨采钰",14.23亿,冯小刚,"2017,12,15",芳华,"剧情,爱情,战争"
"克里斯·海姆斯沃斯,凯特·布兰切特,汤姆·希德勒斯顿,马克·鲁法洛",7.44亿,塔伊加·维迪提,"2017,11,03",雷神3：诸神黄昏,"动作,冒险,奇幻"
"马克·沃尔伯格,安东尼·霍普金斯,乔什·杜哈明,劳拉·哈德克",15.51亿,迈克尔·贝,"2017,06,23",变形金刚5：最后的骑士,"动作,冒险,科幻"
"范·迪塞尔,杰森·斯坦森,道恩·强森,米歇尔·罗德里格兹",26.71亿,F·加里·格雷,"2017,04,14",速度与激情8,"动作,惊悚,犯罪"
"韩庚,郑恺,于文文,曾梦雪",19.42亿,田羽生,"2017,12,29",前任3：再见前任,"喜剧,爱情"
"汤姆·赫兰德,迈克尔·基顿,小罗伯特·唐尼,玛丽莎·托梅",7.75亿,乔·沃茨,"2017,09,08",蜘蛛侠：英雄归来,"动作,冒险,科幻"
"吴京,弗兰克·格里罗,吴刚,张翰",56.83亿,吴京,"2017,07,27",战狼2,"动作,战争"
"孙洪涛,茹萍,艾丽娅",51万,"郑华,潘钧","2017,10,17",南哥,"剧情,传记"
"朱颜曼滋,邱雨铄,李京旭,张欣琦",,吕柯憬,2017,早安公主,剧情
"徐浩峰,廖凡,宋佳",,"何思思,何思思","2017,12,18",挟刀揉手——电影《师父》纪实,纪录片
"詹妮弗·劳伦斯,克里斯·帕拉特,麦克·辛,劳伦斯·菲什伯恩",3.14亿,莫滕·泰杜姆,"2017,01,13",太空旅客,"爱情,冒险,科幻"
"陈玺旭,高叶,任素汐,楼云飞",1369万,李雨禾,"2017,05,12",提着心，吊着胆,"喜剧,悬疑,犯罪"
,,"梁俊一,傅杨杨,兔兔,阎玺",2017,疾风之赛道宝贝,"动作,爱情"
,,付春剑,"2017,09,11",代雪说电影,
"艾玛·罗伯茨,戴夫·弗兰科,艾米丽·梅德",1294万,"亨利·朱斯特,阿里尔·舒曼","2017,01,06",玩命直播,"动作,冒险,惊悚"
"范伟,殷桃,张超,史依弘",777万,梅峰,"2017,11,21",不成问题的问题,剧情
"王凯,张鲁一,林心如,叶祖新",4.02亿,苏有朋,"2017,03,31",嫌疑人x的献身,"剧情,爱情,悬疑"
,,"李健仁,刘振安","2017,04,21",杀手如花,
"小栗旬,菅田将晖,桥本环奈,长泽雅美",8143万,福田雄一,"2017,09,01",银魂 真人版,"剧情,喜剧,科幻"
"邓超,彭于晏,赵丽颖,高华阳",10.46亿,韩寒,"2017,01,28",乘风破浪,"剧情,喜剧,冒险"
