name,sex
,
['鲍比・坎纳瓦尔'],['男']
,
['杰夫・丹尼尔斯'],['男']
,
['赵本山'],['男']
,
['林雪'],['男']
,
['黄圣依'],['女']
,
['迈克尔・凯恩'],['男']
,
['陈学冬'],['男']
,
['乔恩・哈姆'],['男']
,
['李晨'],['男']
,
['刘芮麟'],['男']
,
['郭碧婷'],['女']
,
['杜宇航'],['男']
,
['陈国坤'],['男']
,
['李媛'],['女']
,
['杨颖'],['女']
,
['黄渤'],['男']
,
['泰莉莎・帕尔墨'],['女']
,
['Mr. Lawrence'],['男']
,
['陈坤'],['男']
,
['比尔・法格巴克'],['男']
,
['卢克・布雷西'],['男']
,
['汤姆・肯尼'],['男']
,
['舒淇'],['女']
,
['安德鲁・加菲尔德'],['男']
,
['赵文卓'],['男']
,
['崔志佳'],['男']
,
['金燕玲'],['女']
,
['安志杰'],['男']
,
['柳岩'],['女']
,
['姜武'],['男']
,
['袁姗姗'],['女']
,
['井柏然'],['男']
,
['大鹏'],['男']
,
['吴彦祖'],['男']
,
['白百何'],['女']
,
['本・威士肖'],['男']
,
['蕾雅・赛杜'],['女']
,
['丹尼尔・克雷格'],['男']
,
['郭采洁'],['女']
,
['塔伦・埃格顿'],['男']
,
['杨幂'],['女']
,
['科林・费斯'],['男']
,
['雨果・维文'],['男']
,
['元华'],['男']
,
['周星驰'],['男']
,
['桑德拉・布洛克'],['女']
,
['皮埃尔・柯芬'],['男']
,
['姚晨'],['女']
,
['赵又廷'],['男']
,
['凤小岳'],['男']
,
['元秋'],['女']
,
['张震'],['男']
,
['杜晓宇'],['男']
,
['塞缪尔・杰克逊'],['男']
,
['章子怡'],['女']
,
['沈腾'],['男']
,
['克里斯汀・韦格'],['女']
,
['马特・达蒙'],['男']
,
['伊万杰琳・莉莉'],['女']
,
['保罗・路德'],['男']
,
['梁朝伟'],['男']
,
['杰西卡・查斯坦'],['女']
,
['马丽'],['女']
,
['寇瑞・斯托尔'],['男']
,
['伍迪・哈里森'],['男']
,
['利亚姆・海姆斯沃斯'],['男']
,
['詹妮弗・劳伦斯'],['女']
,
['吴君如'],['女']
,
['梁家辉'],['男']
,
['道格拉斯・布斯'],['男']
,
['代乐乐'],['女']
,
['乔什・哈切森'],['男']
,
['刘德华'],['男']
,
['戴尔里・林多'],['男']
,
['王珞丹'],['女']
,
['艾恩・格拉法德'],['男']
,
['亚历珊德拉・达达里奥'],['女']
,
['卡拉・古奇诺'],['女']
,
['埃德加・拉米雷兹'],['男']
,
['罗比恩・蕾哈娜・芬缇'],['女']
,
['凯文・詹姆斯'],['男']
,
['魏大勋'],['男']
,
['张慧雯'],['女']
,
['李易峰'],['男']
,
['蒋劲夫'],['男']
,
['安迪・萨姆伯格'],['男']
,
['吉姆・帕森斯'],['男']
,
['佟大为'],['男']
,
['道恩・强森'],['男']
,
['窦骁'],['男']
,
['麦肯吉・弗依'],['女']
,
['崔始源'],['男']
,
['杰夫・布里吉斯'],['男']
,
['黄忆慈'],['女']
,
['彭于晏'],['男']
,
['孙俪'],['女']
,
['亚当・桑德勒'],['男']
,
['查宁・塔图姆'],['男']
,
['米拉・库尼斯'],['女']
,
['赛琳娜・戈麦斯'],['女']
,
['万丹青'],['男']
,
['谭笑'],['男']
,
['鹿晗'],['男']
,
['张艺兴'],['男']
,
['王传君'],['男']
,
['归亚蕾'],['女']
,
['敏迪・卡灵'],['女']
,
['妻夫木聪'],['男']
,
['王千源'],['男']
,
['吴若甫'],['男']
,
['刘烨'],['男']
,
['刘纯燕'],['女']
,
['阿诺德・施瓦辛格'],['男']
,
['艾米莉亚・克拉克'],['女']
,
['杰・科特尼'],['男']
,
['杰森・克拉克'],['男']
,
['徐峥'],['男']
,
['包贝尔'],['男']
,
['赵薇'],['女']
,
['古天乐'],['男']
,
['托尼・贾'],['男']
,
['张晋'],['男']
,
['斯特兰・斯卡斯加德'],['男']
,
['莉莉・詹姆斯'],['女']
,
['凯特・布兰切特'],['女']
,
['马天宇'],['男']
,
['吴京'],['男']
,
['白客'],['男']
,
['马思纯'],['女']
,
['杨洋'],['男']
,
['欧豪'],['男']
,
['陈都灵'],['女']
,
['玛姬・格蕾斯'],['女']
,
['多格雷・斯科特'],['男']
,
['福里斯特・惠特克'],['男']
,
['刘嘉玲'],['女']
,
['张家辉'],['男']
,
['周润发'],['男']
,
['水田山葵'],['女']
,
['菲利丝・史密斯'],['女']
,
['陈柏霖'],['男']
,
['郑恺'],['男']
,
['艾米・波勒'],['女']
,
['杨子姗'],['女']
,
['张伟'],['男']
,
['连姆・尼森'],['男']
,
['赞达亚・科尔曼'],['女']
,
['吉娜・罗德里格兹'],['女']
,
['西蒙・佩吉'],['男']
,
['许君聪'],['男']
,
['克拉拉'],['女']
,
['马光荣'],['男']
,
['陈敏正'],['男']
,
['谢天华'],['男']
,
['穆雪婷'],['女']
,
['张一鸣'],['男']
,
['宋芸桦'],['女']
,
['罗特・萨拉夫'],['男']
,
['李冰冰'],['女']
,
['周强'],['男']
,
['克里斯・海姆斯沃斯'],['男']
,
['克里斯汀・贝尔'],['女']
,
['小罗伯特・唐尼'],['男']
,
['萨拉・西尔弗曼'],['女']
,
['马克・鲁法洛'],['男']
,
['王啸坤'],['男']
,
['约翰・C・赖利'],['男']
,
['施予斐'],['女']
,
['吕佩玉'],['女']
,
['苏普丽雅・皮尔加卡尔'],['女']
,
['内拉吉・卡比'],['男']
,
['孙晔'],['男']
,
['张翰'],['男']
,
['拉妮・玛克赫吉'],['女']
,
['于荣光'],['男']
,
['贾青'],['女']
,
['杰克・莱西'],['男']
,
['欧嘉・柯瑞兰寇'],['女']
,
['本・米勒'],['男']
,
['罗温・艾金森'],['男']
,
['卢克・崔德威'],['男']
,
['琼安・弗洛加特'],['女']
,
['王衡'],['男']
,
['露塔・格德米纳斯'],['女']
,
['赵小丁'],['男']
,
['猫鲍勃'],['男']
,
['郑伊健'],['男']
,
['文章'],['男']
,
['卢靖姗'],['女']
,
['宋阳'],['男']
,
['艾伦'],['男']
,
['黄才伦'],['男']
,
['文・瑞姆斯'],['男']
,
['亨利・卡维尔'],['男']
,
['苏士为'],['女']
,
['汤姆・克鲁斯'],['男']
,
['陈乔恩'],['女']
,
['周依然'],['女']
,
['吴克群'],['男']
,
['张艺谋'],['男']
,
['周键铭'],['女']
,
['昂和妮玛'],['女']
,
['理查德・麦登'],['男']
,
['金炜'],['男']
,
['冯绍峰'],['男']
,
['唐艺昕'],['女']
,
['徐小琴'],['女']
,
['吴娜'],['女']
,
['白举纲'],['男']
,
['罗云熙'],['男']
,
['谭松韵'],['女']
,
['杜菁'],['女']
,
['丁汇宇'],['男']
,
['黄晓明'],['男']
,
['林志玲'],['女']
,
['成龙'],['男']
,
['丹・史蒂文斯'],['男']
,
['欧文・威尔逊'],['男']
,
['罗宾・威廉姆斯'],['男']
,
['本・斯蒂勒'],['男']
,
['郭富城'],['男']
,
['张曼玉'],['女']
,
['曾志伟'],['男']
,
['黎明'],['男']
,
['罗宾・怀特'],['女']
,
['约翰・浩克斯'],['男']
,
['艾德里安・布洛迪'],['男']
,
['张蓝艺'],['女']
,
['乔什・布洛林'],['男']
,
['姚雨鑫'],['男']
,
['约翰・库萨克'],['男']
,
['沈凯'],['男']
,
['王婷'],['女']
,
['万国鹏'],['男']
,
['霍尊'],['男']
,
['陈志荣'],['男']
,
['祖晴'],['女']
,
['陆双'],['女']
,
['刘畅'],['男']
,
['苏尚特・辛格・拉吉普特'],['男']
,
['吴磊'],['男']
,
['莎莉・霍金斯'],['女']
,
['桑杰・达特'],['男']
,
['休・博纳维尔'],['男']
,
['张汉盛'],['男']
,
['赵丽颖'],['女']
,
['金士杰'],['男']
,
['凯拉・奈特莉'],['女']
,
['海莉・斯坦菲尔德'],['女']
,
['王景春'],['男']
,
['彼特・丁拉基'],['男']
,
['罗里・金奈尔'],['男']
,
['梁颖'],['女']
,
['邓玉婷'],['女']
,
['张琳'],['男']
,
['朱亚文'],['男']
,
['马修・古迪'],['男']
,
['周韵'],['女']
,
['本尼迪克特・康伯巴奇'],['男']
,
['刘孜'],['女']
,
['邱泽'],['男']
,
['杨迪'],['男']
,
['齐溪'],['女']
,
['韩庚'],['男']
,
['姜成镐'],['男']
,
['范冰冰'],['女']
,
['吴镇宇'],['男']
,
['亚历山德拉・玛丽亚・拉娜'],['女']
,
['薛凯琪'],['女']
,
['杨抒文'],['女']
,
['王祺'],['女']
,
['傅舜盈'],['女']
,
['何痄'],['女']
,
['夏甜'],['女']
,
['杨千'],['女']
,
['刘馨萱'],['女']
,
['袁文革'],['男']
,
['胡达威'],['男']
,
['莱维・米勒'],['男']
,
['鲁妮・玛拉'],['女']
,
['休・杰克曼'],['男']
,
['江一燕'],['女']
,
['李小璐'],['女']
,
['林家栋'],['男']
,
['廖政豪'],['男']
,
['加内特・赫德兰'],['男']
,
['小沈阳'],['男']
,
['严晓频'],['女']
,
['刘青云'],['男']
,
['奥利维亚・王尔德'],['女']
,
['方中信'],['男']
,
['郝翔海'],['男']
,
['谢昀杉'],['男']
,
['小连杀'],['女']
,
['丹尼尔・布鲁尔'],['男']
,
['郑秀文'],['女']
,
['关晓彤'],['女']
,
['夏雨'],['男']
,
['史依弘'],['女']
,
['潘虹'],['女']
,
['宋慧乔'],['女']
,
['陈数'],['女']
,
['印小天'],['男']
,
['诺亚・泰勒'],['男']
,
['戈登・亚历山大'],['男']
,
['拉菲・卡西迪'],['女']
,
['加布里埃拉・赖特'],['女']
,
['付曼'],['女']
,
['吴达洙'],['男']
,
['布丽特・罗伯森'],['女']
,
['邵仲衡'],['男']
,
['李丽珍'],['女']
,
['邓丽欣'],['女']
,
['方力申'],['男']
,
['孟佳'],['女']
,
['欧弟'],['男']
,
['宋承宪'],['男']
,
['刘亦菲'],['女']
,
['林颖'],['女']
,
['陶典'],['女']
,
['多姆纳尔・格里森'],['男']
,
['芬・维特洛克'],['男']
,
['杰克・奥康奈尔'],['男']
,
['滕梦乔'],['女']
,
['马里埃尔・希茨'],['女']
,
['弗朗西斯卡・卡帕尔迪'],['女']
,
['江疏影'],['女']
,
['郑开元'],['男']
,
['诺亚・施纳普'],['男']
,
['王'],['男']
,
['亚拉亚姆'],['女']
,
['比尔・莫伦茨'],['男']
,
['孙红雷'],['男']
,
['黄磊'],['男']
,
['姜雯'],['女']
,
['申克'],['男']
,
['宋磊'],['男']
,
['郭亚维'],['女']
,
['李思娴'],['女']
,
['天心'],['女']
,
['周渝民'],['男']
,
['何塞・巴勃罗・坎蒂略'],['男']
,
['任达华'],['男']
,
['尤兰蒂・维瑟'],['女']
,
['忍者'],['男']
,
['沙尔托・科普雷'],['男']
,
['珠玛'],['女']
,
['何佳颖'],['女']
,
['欧米德・吉亚李利'],['男']
,
['贾斯汀・弗莱彻'],['男']
,
['王燕华'],['女']
,
['洪海天'],['女']
,
['张佑赫'],['男']
,
['次仁多布杰'],['女']
,
['普布顿珠'],['男']
,
['郝鹏'],['男']
,
['高圆圆'],['女']
,
['吴刚'],['男']
,
['茹萍'],['女']
,
['小小志'],['男']
,
['郑浩南'],['男']
,
['于嘉萌'],['男']
,
['于笑'],['男']
,
['林志颖'],['男']
,
['叶芳'],['女']
,
['孙科'],['男']
,
['王琪'],['男']
,
['琪琪'],['女']
,
['郭子睿'],['男']
,
['古巨基'],['男']
,
['郭涛'],['男']
,
['解惠清'],['女']
,
['吴尊'],['男']
,
['徐娇'],['女']
,
['石班瑜'],['男']
,
['索朗多吉'],['男']
,
['姚星彤'],['女']
,
['常远'],['男']
,
['陈赫'],['男']
,
['林珍娜'],['女']
,
['王晓彤'],['女']
,
['李晔'],['女']
,
['林簌'],['女']
,
['约翰・斯帕克斯'],['男']
,
['熊黛林'],['女']
,
['田亮'],['男']
,
['马元'],['男']
,
['林依晨'],['女']
,
['翟子陌'],['男']
,
['陈小春'],['男']
,
['余心恬'],['女']
,
['罗北安'],['男']
,
['陈妍希'],['女']
,
['河正宇'],['男']
,
['李政宰'],['男']
,
['宋嘉豪'],['男']
,
['陈意涵'],['女']
,
['倪妮'],['女']
,
['刘韬'],['男']
,
['陈晓'],['男']
,
['苏岩'],['女']
,
['廖凡'],['男']
,
['汤唯'],['女']
,
['王馥荔'],['女']
,
['孔祥玉'],['男']
,
['赵文琪'],['女']
,
['倪虹洁'],['女']
,
['喻恩泰'],['男']
,
['马恩然'],['男']
,
['万梦琪'],['女']
,
['赵奔'],['男']
,
['张丽'],['女']
,
['哈维尔・巴登'],['男']
,
['秦海璐'],['女']
,
['伊德瑞斯・艾尔巴'],['男']
,
['雷・温斯顿'],['男']
,
['刘娟'],['女']
,
['秦昊'],['男']
,
['冯远征'],['男']
,
['吕中'],['女']
,
['高雅轩'],['女']
,
['焦恩俊'],['男']
,
['杨紫'],['女']
,
['李正翔'],['男']
,
['郭品超'],['男']
,
['张琦'],['男']
,
['陈奕迅'],['男']
,
['张安琪'],['女']
,
['西恩・潘'],['男']
,
['张涛'],['男']
,
['张赢'],['男']
,
['张艾嘉'],['女']
,
['高明钰'],['男']
,
['曹旭鹏'],['男']
,
['阎萌萌'],['女']
,
['刘黛希'],['女']
,
['赵今麦'],['女']
,
['尼古拉斯・凯奇'],['男']
,
['王妍之'],['女']
,
['玛丽亚・格拉齐亚・库奇诺塔'],['女']
,
['张馨予'],['女']
,
['彭禺厶'],['男']
,
['贺宽'],['男']
,
['李佑晨'],['女']
,
['陈亦飞'],['男']
,
['李心洁'],['女']
,
['柯宇纶'],['男']
,
['董维嘉'],['女']
,
['梁洛施'],['女']
,
['王彩桦'],['女']
,
['王鹏'],['男']
,
['孙怡'],['女']
,
['佘诗曼'],['女']
,
['薛家燕'],['女']
,
['任贤齐'],['男']
,
['张智霖'],['男']
,
['谢芳'],['女']
,
['张定涵'],['女']
,
['午马'],['男']
,
['张孝全'],['男']
,
['张哲浩'],['男']
,
['吕晶'],['女']
,
['安雅萍'],['女']
,
['任天野'],['男']
,
['徐洪浩'],['男']
,
['海登・克里斯滕森'],['男']
,
['戴萌'],['女']
,
['赵粤'],['女']
,
['乔任梁'],['男']
,
['郭云齐'],['男']
,
['殷果儿'],['女']
,
['洛安・沙巴诺尔'],['女']
,
['艾德・斯克林'],['男']
,
['休・劳瑞'],['男']
,
['雷・史蒂文森'],['男']
,
['徐静蕾'],['女']
,
['乔治・克鲁尼'],['男']
,
['王丽坤'],['女']
,
['刘之冰'],['男']
,
['金城武'],['男']
,
['尚长荣'],['男']
,
['伊桑・霍克'],['男']
,
['莎拉・斯努克'],['女']
,
['妮可・基德曼'],['女']
,
['陶泽如'],['男']
,
['亚当・莱文'],['男']
,
['Zixi Liu'],['女']
,
['申贤俊'],['男']
,
['乔振宇'],['男']
,
['李程彬'],['男']
,
['吴亦凡'],['男']
,
['郑元畅'],['男']
,
['姜业婷'],['女']
,
['三木真一郎'],['男']
,
['山寺宏一'],['男']
,
['隋咏良'],['男']
,
['刘一莹'],['女']
,
['唐娜'],['女']
,
['尔玛依娜'],['女']
,
['顾又铭'],['男']
,
['索朗卓嘎'],['女']
,
['杨雪'],['女']
,
['阿旺仁青'],['男']
,
['安吉拉・贝塞特'],['女']
,
['拉旺罗布'],['男']
,
['张铎'],['男']
,
['宋晓峰'],['男']
,
['陈龙'],['男']
,
['蓝盈莹'],['女']
,
['程野'],['男']
,
['郭月'],['女']
,
['潘辰'],['女']
,
['温尚翊'],['男']
,
['艾丽娅'],['女']
,
['王识贤'],['男']
,
['黄臣'],['女']
,
['刘以豪'],['男']
,
['葛天'],['女']
,
['迪伦・麦克德莫特'],['男']
,
['米拉・乔沃维奇'],['女']
,
['杨侃'],['男']
,
['王增奇'],['男']
,
['皮尔斯・布鲁斯南'],['男']
,
['大谷育江'],['女']
,
['松本梨香'],['女']
,
['张艾'],['女']
,
['金范'],['男']
,
['孙艺珍'],['女']
,
['Yuanbin Lin'],['女']
,
['Bolin Tan'],['女']
,
['翟巍'],['男']
,
['罗玉婷'],['女']
,
['Aamir Hussain Khan'],['男']
,
['安努舒卡・莎玛'],['女']
,
['白茹'],['女']
,
['刘校妤'],['女']
,
['何冠男'],['女']
,
['雨侨'],['女']
,
['朱珠'],['女']
,
['文咏珊'],['女']
,
['李治廷'],['男']
,
['周冬雨'],['女']
,
['提奥・詹姆斯'],['男']
,
['奥克塔维亚・斯宾瑟'],['女']
,
['谢琳・伍德蕾'],['女']
,
['摩根・弗里曼'],['男']
,
['周大强'],['男']
,
['阮经天'],['男']
,
['陆毅'],['男']
,
['李彦峰'],['男']
,
['吴昊宸'],['男']
,
['马伊P'],['女']
,
['丁妍'],['女']
,
['袁文康'],['男']
,
['马燕'],['女']
,
['孙波'],['男']
,
['罗京民'],['男']
,
['雅各布・特瑞布雷'],['男']
,
['伊冯娜・斯特拉霍夫斯基'],['女']
,
['波伊德・霍布鲁克'],['男']
,
['汪晴'],['女']
,
['奥立薇娅・玛恩'],['女']
,
['吴孟达'],['男']
,
['Joan Blackham'],['女']
,
['尼基塔・捷恩'],['男']
,
['于非'],['男']
,
['黄素影'],['女']
,
['曲昱'],['女']
,
['叶甫盖尼・齐加诺夫'],['男']
,
['尤莉亚・佩列西莉德'],['女']
,
['张蓝心'],['女']
,
['王海祥'],['男']
,
['张旭'],['男']
,
['石知田'],['男']
,
['程予希'],['女']
,
['柴静'],['女']
,
['谢源'],['男']
,
['贾静雯'],['女']
,
['杨v宁'],['男']
,
['杨D'],['女']
,
['胡军'],['男']
,
['李心艾'],['女']
,
['王乐天'],['女']
,
['张皓然'],['男']
,
['张惠鑫'],['男']
,
['韩雪'],['女']
,
['张俪'],['女']
,
['徐冬梅'],['女']
,
['吴昕'],['女']
,
['徐申东'],['女']
,
['谷尚蔚'],['男']
,
['杜海涛'],['男']
,
['胡耀辉'],['男']
,
['郑中基'],['男']
,
['邵音音'],['女']
,
['周俊伟'],['男']
,
['张兆辉'],['男']
,
['王千航'],['男']
,
['赵春羊'],['男']
,
['寇世勋'],['男']
,
['唐萍'],['女']
,
['李东学'],['男']
,
['马浴柯'],['男']
,
['刘梓妍'],['女']
,
['黄一飞'],['男']
,
['潘粤明'],['男']
,
['阿努潘・凯尔'],['男']
,
['阿布舍克・巴强'],['男']
,
['迪皮卡・帕度柯妮'],['女']
,
['张瑶函'],['男']
,
['沙鲁克・汗'],['男']
,
['陈浩'],['男']
,
['宣晓鸣'],['男']
,
['乔诗语'],['女']
,
['陈嘉桦'],['女']
,
['Hernán Méndez'],['女']
,
['Victoria Hernández'],['女']
,
['Jhonny Forero'],['女']
,
['张源'],['男']
,
['方锦坤'],['女']
,
['徐子墨'],['女']
,
['王祖蓝'],['男']
,
['石天琦'],['女']
,
['王沁宜'],['女']
,
['朱雨辰'],['男']
,
['肖汉'],['男']
,
['谢启珩'],['男']
,
['张国立'],['男']
,
['李彩英'],['女']
,
['佟丽娅'],['女']
,
['李权霖'],['男']
,
['李凤鸣'],['女']
,
['立威廉'],['男']
,
['许俊硕'],['男']
,
['理查德・德克勒克'],['男']
,
['曹承穆'],['男']
,
['姜栋元'],['男']
,
['金恩圣'],['男']
,
['韦成彩'],['女']
,
['孙坚'],['男']
,
['高麟'],['女']
,
['邱林'],['男']
,
['宴位相'],['男']
,
['李玉富'],['男']
,
['榕榕'],['女']
,
['吴天昊'],['男']
,
['于立'],['男']
,
['朱咪咪'],['女']
,
['张燃'],['男']
,
['游游'],['女']
,
['陈思娜'],['女']
,
['夏晴'],['女']
,
['乌日根'],['男']
,
['林心如'],['女']
,
['张赫'],['男']
,
['猪哥亮'],['男']
,
['林丹'],['男']
,
['雅戈尼娅・库兹涅佐娃'],['女']
,
['阿娜斯塔西亚・米库尔奇娜'],['女']
,
['孟鹏'],['男']
,
['任铭松'],['女']
,
['刘宸希'],['女']
,
['白凯南'],['男']
,
['何超仪'],['女']
,
['潘霜霜'],['女']
,
['隋凯'],['男']
,
['刘芸'],['女']
,
['郭家铭'],['男']
,
['康凯'],['男']
,
['骆达华'],['男']
,
['郑媛元'],['女']
,
['陈茂林'],['男']
,
['李菲儿'],['女']
,
['陈武康'],['男']
,
['卡特琳娜・莫里诺'],['女']
,
['刘刚'],['男']
,
['徐少强'],['男']
,
['穆梦娇'],['女']
,
['华少'],['男']
,
['赵铁人'],['男']
,
['高明洁'],['女']
,
['王雪纯'],['女']
,
['刘h彤'],['女']
,
['艾晓琪'],['女']
,
['鞠萍'],['女']
,
['李鹤'],['男']
,
['李扬'],['男']
,
['张立威'],['男']
,
['张植绿'],['男']
,
['车晓'],['女']
,
['任言恺'],['男']
,
['婉儿'],['女']
,
['许晴'],['女']
,
['李贤宰'],['男']
,
['王姬'],['女']
,
['李天翔'],['男']
,
['杨清'],['女']
,
['王厦'],['男']
,
['楚镇'],['男']
,
['蒋雪鸣'],['男']
,
['朱佳希'],['女']
,
['宋扬'],['女']
,
['孙健元'],['女']
,
['黛安・克鲁格'],['女']
,
['罗素・克洛'],['男']
,
['李子雄'],['男']
,
['陶醉'],['男']
,
['杨曼玉'],['女']
,
['游乐儿'],['女']
,
['何云伟'],['男']
,
['阿曼达・塞弗里德'],['女']
,
['成泰'],['男']
,
['陈婧'],['女']
,
['刁成禹'],['男']
,
['黄精一'],['男']
,
['孟祥龙'],['男']
,
['程玉珠'],['男']
,
['张云翼'],['男']
,
['叶思'],['女']
,
['狄菲菲'],['女']
,
['宋禹'],['男']
,
['姜潮'],['男']
,
['彼得・费奥多罗夫'],['男']
,
['李淳'],['男']
,
['胡宇威'],['男']
,
['王博文'],['男']
,
['尹子维'],['男']
,
['章龄之'],['女']
,
['徐佳'],['男']
,
['霍建华'],['男']
,
['宝木中阳'],['男']
,
['尹正'],['男']
,
['蔡瀚亿'],['男']
,
['王云飞'],['男']
,
['谢君豪'],['男']
,
['应媛'],['女']
,
['黄君君'],['女']
,
['于佳'],['男']
,
['王志文'],['男']
,
['张译'],['男']
,
['王佳佳'],['女']
,
['张天野'],['男']
,
['刘仪伟'],['男']
,
['甄子丹'],['男']
,
['冯文娟'],['女']
,
['张静初'],['女']
,
['刘冠霖'],['男']
,
['邓宁'],['男']
,
['刘佳佳'],['女']
,
['常奕然'],['女']
,
['周海媚'],['女']
,
['陈俊亨'],['男']
,
['赵雅淇'],['女']
,
['郭金杰'],['男']
,
['涓子'],['女']
,
['符冲'],['男']
,
['姜瑞佳'],['女']
,
['Elisa Schlott'],['女']
,
['李幼斌'],['男']
,
['Lorenzo Nedis'],['女']
,
['罗家英'],['男']
,
['Karolina Gorczyca'],['女']
,
['希尔德加德・施梅尔'],['女']
,
['戴娇倩'],['女']
,
['杨菲洋'],['女']
,
['刘兴盛'],['男']
,
['欧阳亿丰'],['女']
,
['毛晓彤'],['女']
,
['王璐瑶'],['女']
,
['王伯昭'],['男']
,
['英达'],['男']
,
['戴立忍'],['男']
,
['陈翔'],['男']
,
['李菁'],['男']
,
['车艺莲'],['女']
,
['范逸臣'],['男']
,
['曹格'],['男']
,
['张杰'],['男']
,
['周笔畅'],['女']
,
['杨宗纬'],['男']
,
['渡边大知'],['男']
,
['沟端淳平'],['男']
,
['山本美月'],['女']
,
['伊藤淳史'],['男']
,
['何强'],['男']
,
['孙艺洲'],['男']
,
['宋梓侨'],['女']
,
['廖蔚蔚'],['女']
,
['杨梓邑'],['女']
,
['周柏豪'],['男']
,
['顾靖'],['女']
,
['马颖杰'],['女']
,
['于朦胧'],['男']
,
['郭晓明'],['男']
,
['迈克尔・佩纳'],['男']
,
['沃尔顿・戈金斯'],['男']
,
['王晨曦'],['男']
,
['林浩'],['男']
,
['余男'],['女']
,
['宋伊人'],['女']
,
['张玉轩'],['男']
,
['温超'],['男']
,
['林好'],['女']
,
['祁映诺'],['女']
,
['章小军'],['男']
,
['许京川'],['男']
,
['格温妮斯・帕特洛'],['女']
,
['伊万・麦克格雷格'],['男']
,
['唐孜悦'],['男']
,
['焦睿'],['男']
,
['姚红军'],['男']
,
['张希爱'],['女']
,
['慕钰华'],['女']
,
['薛山'],['男']
,
['约翰尼・德普'],['男']
,
['李宁'],['女']
,
['张懿暄'],['女']
,
['邓紫衣'],['女']
,
['张译文'],['男']
,
['王沛禄'],['男']
,
['郝婷婷'],['女']
,
['赵楚纶'],['男']
,
['董玉峰'],['男']
,
['王双宝'],['男']
,
['王李丹妮'],['女']
,
['蓝燕'],['女']
,
['Anthony Duh'],['女']
,
['王菀之'],['女']
,
['萨日娜'],['女']
,
['朱晓渔'],['男']
,
['汪奇'],['男']
,
['马少骅'],['男']
,
['李保田'],['男']
,
['董勇'],['男']
,
['阿英达.迈卜德扎'],['男']
,
['米歇尔・法布里斯'],['男']
,
['拉克兰・伍兹'],['男']
,
['弗兰克・洛蒂托'],['男']
,
['姚一奇'],['男']
,
['谭卓'],['女']
,
['小山力也'],['男']
,
['山崎和佳奈'],['女']
,
['张子枫'],['女']
,
['周一围'],['男']
,
['周迅'],['女']
,
['山口胜平'],['男']
,
['高山南'],['女']
,
['王修泽'],['男']
,
['巴音'],['男']
,
['德格娜'],['女']
,
['马书良'],['男']
,
['李舒桐'],['女']
,
['杨采钰'],['女']
,
['杜江'],['男']
,
['芦芳生'],['男']
,
['严丽祯'],['女']
,
['李敏妍'],['女']
,
['王君平'],['女']
,
['赵荀'],['男']
,
['李立群'],['男']
,
['刘佳'],['女']
,
['李威'],['男']
,
['何昊阳'],['女']
,
['张峻宁'],['男']
,
['苑琼丹'],['女']
,
['唐文龙'],['男']
,
['陈帝含'],['女']
,
['黛西・贝文'],['女']
,
['何家豪'],['男']
,
['孙一明'],['男']
,
['胡谦'],['男']
,
['辛鹏'],['男']
,
['陈瑾'],['女']
,
['李浩菲'],['女']
,
['李嘉琪'],['女']
,
['黄莺'],['女']
,
['王婉中'],['女']
,
['王全有'],['男']
,
['石小满'],['男']
,
['胡明'],['男']
,
['黄恺杰'],['男']
,
['袁百梓卉'],['女']
,
['古力娜扎'],['女']
,
['高捷'],['男']
,
['陈山聪'],['男']
,
['森美'],['男']
,
['刘心悠'],['女']
,
['林保怡'],['男']
,
['吴剑飞'],['男']
,
['罗湘晋'],['女']
,
['周咏轩'],['男']
,
['廖学秋'],['女']
,
['米洛・文堤米利亚'],['男']
,
['黛安娜・柳贝诺娃'],['女']
,
['龙杨杨'],['女']
,
['姚小宝'],['女']
,
['王涛'],['男']
,
['张会中'],['男']
,
['陈君凡'],['男']
,
['毛协俊'],['男']
,
['伍思凯'],['男']
,
['高云翔'],['男']
,
['游强'],['男']
,
['王永'],['男']
,
['熊乃瑾'],['女']
,
['周晓鸥'],['男']
,
['乔杉'],['男']
,
['倪景阳'],['女']
,
['汤镇宗'],['男']
,
['金俊浩'],['男']
,
['刘薇'],['女']
,
['张智尧'],['男']
,
['汐熙'],['女']
,
['邓林锋'],['女']
,
['约翰・特拉沃尔塔'],['男']
,
['石阿奇'],['男']
,
['罗伯特・德尼罗'],['男']
,
['王俊彪'],['男']
,
['奥斯卡・伊萨克'],['男']
,
['李雨格'],['女']
,
['维果・莫腾森'],['男']
,
['戚云鹏'],['男']
,
['徐扬'],['女']
,
['唐国强'],['男']
,
['周里京'],['男']
,
['韩三明'],['男']
,
['克尔斯滕・邓斯特'],['女']
,
['张越涵'],['女']
,
['包美美'],['女']
,
['杨泽霖'],['男']
,
['郭珍霓'],['女']
,
['肖和若凡'],['女']
,
['吴启华'],['男']
,
['米兰达・奥图'],['女']
,
['比尔・奈伊'],['男']
,
['乔治・巴比特'],['男']
,
['汤姆・威尔金森'],['男']
,
['辛达・亚当斯'],['女']
,
['詹姆斯・弗兰科'],['男']
,
['道格・斯通'],['男']
,
['阿伦・伊克哈特'],['男']
,
['凯特・哈德森'],['女']
,
['奥玛・希'],['男']
,
['Arvind Narrain'],['女']
,
['Manohar Elavarthi'],['女']
,
['梅景延'],['男']
,
['Anand Grover'],['女']
,
['Ashok Row Kavi'],['女']
,
['Eduard Mont de Palol'],['女']
,
['佐伊・利斯特・琼斯'],['女']
,
['Furun Zhu'],['女']
,
['王博'],['男']
,
['Rafael Lamata'],['女']
,
['Gianfranco Poddighe'],['男']
,
['Lola Rubio'],['女']
,
['春夏'],['女']
,
['安东尼・爱德华兹'],['男']
,
['魏春荣'],['女']
,
['宋佳霓'],['女']
,
['周鑫洋'],['男']
,
['丹尼・格洛弗'],['男']
,
['刘乐乐'],['女']
,
['邵天帅'],['女']
,
['朱冰贞'],['女']
,
['翁佳慧'],['女']
,
['陈天璇'],['男']
,
['亨利・基辛格'],['男']
,
['张钧涵'],['男']
,
['吉米・卡特'],['男']
,
['王文'],['男']
,
['维克多・加博'],['男']
,
['易莉'],['女']
,
['赵圆圆'],['女']
,
['林晓凡'],['男']
,
['张已桂'],['女']
,
['王晔'],['男']
,
['叶山豪'],['男']
,
['庄庆宁'],['女']
,
['姜寒'],['男']
,
['彭波'],['男']
,
['金静'],['女']
,
['王雅捷'],['女']
,
['艾丽西亚・维坎德'],['女']
,
['李依馨'],['女']
,
['毕秀茹'],['女']
,
['宋轶'],['女']
,
['连凯'],['男']
,
['陈美国'],['男']
,
['白珞力'],['男']
,
['雷子莹'],['女']
,
['薛姝r'],['女']
,
['黄以萱'],['女']
,
['尤胜宏'],['女']
,
['龙海珊'],['男']
,
['米洛斯・比柯维奇'],['男']
,
['Mariya Andreeva'],['女']
,
['丹尼拉・科兹洛夫斯基'],['男']
,
['施柏鹏'],['男']
,
['多米尼克・皮诺'],['男']
,
['王宫良'],['男']
,
['Charlie Goh'],['女']
,
['Noah Yap'],['女']
,
['张智扬'],['男']
,
['肖旭'],['男']
,
['Luke Lee Wen Loong'],['女']
,
['穆婷婷'],['女']
,
['大左'],['男']
,
['Janet Colson'],['女']
,
['Nick Eyde'],['女']
,
['Matt Eyde'],['女']
,
['Julianna Robinson'],['女']
,
['陈伟霆'],['男']
,
['本・巴恩斯'],['男']
,
['王怡苏'],['女']
,
['来喜'],['男']
,
['何伟'],['男']
,
['詹姆斯・卡梅隆'],['男']
,
['何子健'],['女']
,
['张宇'],['男']
,
['朱丽安・摩尔'],['女']
,
['梁欢'],['男']
,
['段艺璇'],['女']
,
['马斑马'],['男']
,
['斯科特・黑兹'],['男']
,
['章若楠'],['女']
,
['辛云来'],['男']
,
['任敏'],['女']
,
['彭丕'],['男']
,
['赵英博'],['男']
,
['哈斯巴根'],['男']
,
['伊日贵'],['女']
,
['余庆'],['男']
,
['王一博'],['男']
,
['牛'],['男']
,
['陶玉玲'],['女']
,
['张煜枫'],['男']
,
['葛佳佳'],['女']
,
['孙绍龙'],['男']
,
['艾莉森・萨多尔'],['女']
,
['凯瑟琳・沃特森'],['女']
,
['埃迪・雷德梅恩'],['男']
,
['徐晨耀'],['男']
,
['王雨晗'],['女']
,
['李彦锋'],['男']
,
['钟卫华'],['男']
,
['安琥'],['男']
,
['李'],['男']
,
['颜丹晨'],['女']
,
['唐嫣'],['女']
,
['廖希'],['男']
,
['金星'],['女']
,
['延斯・赫尔腾'],['男']
,
['娜塔莎・迈尔兹'],['女']
,
['郑嘉颖'],['男']
,
['宋小宝'],['男']
,
['王宁'],['男']
,
['郝劭文'],['男']
,
['蕾奥娜・维埃拉'],['女']
,
['鲁比・罗丝'],['女']
,
['杰森・斯坦森'],['男']
,
['雷恩・威尔森'],['男']
,
['赛却加'],['男']
,
['柯蒂・斯密特-麦菲'],['男']
,
['赫克・米尔纳'],['男']
,
['托比・琼斯'],['男']
,
['珍妮弗・桑德斯'],['女']
,
['汤姆・班尼特'],['男']
,
['比蒂・埃德蒙森'],['女']
,
['泰德・拉文'],['男']
,
['克里斯・帕拉特'],['男']
,
['莎拉・沃威尔'],['女']
,
['尼玛颂宋'],['女']
,
['格雷格・T・尼尔森'],['男']
,
['霍利・亨特'],['女']
,
['容中尔甲'],['男']
,
['玉米提'],['女']
,
['古丽米娜・麦麦提'],['女']
,
['布莱丝・达拉斯・霍华德'],['女']
,
['王海洋'],['女']
,
['赵艺'],['女']
,
['曾淇'],['女']
,
['曹炳琨'],['男']
,
['海清'],['女']
,
['盖h希'],['女']
,
['迈克尔・道格拉斯'],['男']
,
['刘奕儿'],['女']
,
['谢金燕'],['女']
,
['梅丽莎・博洛纳'],['女']
,
['托马斯・米德蒂奇'],['男']
,
['钱嘉乐'],['男']
,
['梁嘉艳'],['女']
,
['艾米丽・阿琳・林德'],['女']
,
['爱丽丝・伊芙'],['女']
,
['芮妮・戈兹贝里'],['女']
,
['欧文・瓦卡罗'],['男']
,
['卡莉・史派妮'],['女']
,
['王力宏'],['男']
,
['池松壮亮'],['男']
,
['谢依霖'],['女']
,
['初俊辰'],['男']
,
['苏婷婷'],['女']
,
['蒋可'],['男']
,
['爱德华多・莱奥'],['男']
,
['红果果'],['女']
,
['董浩'],['男']
,
['王凯'],['男']
,
['玛琳・阿克曼'],['女']
,
['杰弗里・迪恩・摩根'],['男']
,
['林俊鑫'],['女']
,
['张咏娴'],['女']
,
['郑鹏生'],['男']
,
['诸燕'],['女']
,
['山新'],['女']
,
['郑润奇'],['男']
,
['萨姆・修汉'],['男']
,
['张秉君'],['男']
,
['凯特・麦克金农'],['女']
,
['娜奥米・哈里斯'],['女']
,
['张衣'],['男']
,
['贾斯汀・塞洛克斯'],['男']
,
['雷佳音'],['男']
,
['褚B'],['女']
,
['马可・贾利尼'],['男']
,
['安娜・福列塔'],['女']
,
['武宾'],['男']
,
['朱塞佩・巴蒂斯通'],['男']
,
['杜奕衡'],['男']
,
['聂远'],['男']
,
['路知行'],['男']
,
['斯科特・伊斯特伍德'],['男']
,
['约翰・博耶加'],['男']
,
['安藤樱'],['女']
,
['李宇春'],['女']
,
['中川雅也'],['男']
,
['松冈茉优'],['女']
,
['姜文'],['男']
,
['李鸿其'],['男']
,
['丹娜・奎里拉'],['女']
,
['罗宾・希纳西'],['男']
,
['玛丽・布奈尔'],['女']
,
['迈克尔・B・乔丹'],['男']
,
['Bob Klein'],['女']
,
['丽娜・维特'],['女']
,
['露皮塔・尼永奥'],['女']
,
['纪帅'],['男']
,
['童菲'],['女']
,
['本・门德尔森'],['男']
,
['曲尼次仁'],['女']
,
['凯瑟琳・哈恩'],['女']
,
['刘承羽'],['女']
,
['文峰'],['男']
,
['黄经汉'],['男']
,
['刘昊然'],['男']
,
['昆凌'],['女']
,
['张国荣'],['男']
,
['黄炜杰'],['女']
,
['李国煌'],['男']
,
['小野贤章'],['男']
,
['岳云鹏'],['男']
,
['贾明瑛'],['女']
,
['吴秀波'],['男']
,
['小野友树'],['男']
,
['王小岩'],['女']
,
['陆翊'],['女']
,
['刘桦'],['男']
,
['段博文'],['男']
,
['王廷辉'],['女']
,
['木村昴'],['男']
,
['杨雁雁'],['女']
,
['加里・艾维斯'],['女']
,
['伊丽娜・格鲁布'],['女']
,
['嘉数由美'],['女']
,
['王砚辉'],['男']
,
['大原惠美'],['女']
,
['李宗伟'],['男']
,
['Miyako Yoshida'],['女']
,
['伊扎贝拉・维多维奇'],['女']
,
['周楚'],['女']
,
['张海宇'],['男']
,
['托马斯・阿克达'],['男']
,
['张博宇'],['男']
,
['迪恩・诺里斯'],['男']
,
['玛德琳・贝塔尼'],['女']
,
['秦俊杰'],['男']
,
['乔纳森・坎普'],['男']
,
['埃里克・艾特巴里'],['男']
,
['石原里美'],['女']
,
['瓦内莎・约翰逊'],['女']
,
['劳里・海梅斯'],['女']
,
['宋洋'],['男']
,
['堤真一'],['男']
,
['迪・布拉雷・贝克尔'],['男']
,
['雅人'],['男']
,
['李心然'],['女']
,
['高x充希'],['女']
,
['杰森・格里菲斯'],['男']
,
['竹野内丰'],['男']
,
['长谷川博己'],['男']
,
['纳瓦祖丁・席迪圭'],['男']
,
['哈莎莉・马洛特拉'],['女']
,
['赵毅'],['男']
,
['卡琳娜・卡普'],['女']
,
['萨尔曼・汗'],['男']
,
['王学兵'],['男']
,
['刘丹'],['女']
,
['胡蓉蓉'],['女']
,
['王力可'],['女']
,
['文熙'],['男']
,
['景岗山'],['男']
,
['贝姬・戈麦斯'],['女']
,
['杜鹃'],['女']
,
['皮弗'],['男']
,
['任嘉伦'],['男']
,
['黄少祺'],['男']
,
['伊丽莎白・苏'],['女']
,
['布鲁斯・威利斯'],['男']
,
['朱莉娅・罗伯茨'],['女']
,
['朗贝尔・维尔森'],['男']
,
['张赫'],['男']
,
['文森特・多诺费奥'],['男']
,
['刘晓晔'],['女']
,
['颜卓灵'],['女']
,
['小金'],['女']
,
['靓仔'],['女']
,
['马继'],['男']
,
['高海鹏'],['男']
,
['张燕妮'],['女']
,
['奥利维亚・库克'],['女']
,
['泰伊・谢里丹'],['男']
,
['吴烨'],['女']
,
['林更新'],['男']
,
['张艺上'],['女']
,
['花泽香菜'],['女']
,
['吴磊'],['男']
,
['卿雯'],['女']
,
['樱井孝宏'],['男']
,
['宫野真守'],['男']
,
['李一桐'],['女']
,
['李荣浩'],['男']
,
['泰勒・席林'],['女']
,
['吴樾'],['男']
,
['娜塔莉・伊曼纽尔'],['女']
,
['魏晨'],['男']
,
['小栗旬'],['男']
,
['艾比・考尼什'],['女']
,
['玛歌特・罗比'],['女']
,
['弗兰西斯・麦克多蒙德'],['女']
,
['山姆・洛克威尔'],['男']
,
['土屋太凤'],['女']
,
['北村一辉'],['男']
,
['迪帕克・迪布里亚尔'],['男']
,
['浜野谦太'],['男']
,
['布米・佩德卡尔'],['女']
,
['内哈・迪胡皮阿'],['女']
,
['林妍柔'],['女']
,
['萨钦・克德卡'],['男']
,
['阿克谢・库玛尔'],['男']
,
['萨巴・卡玛尔'],['女']
,
['伊尔凡・可汗'],['男']
,
['詹姆斯・柯登'],['男']
,
['周游'],['男']
,
['北村匠海'],['男']
,
['滨边美波'],['女']
,
['北川景子'],['女']
,
['萨姆・沃辛顿'],['男']
,
['萝丝・拜恩'],['女']
,
['亚当・德赖弗'],['男']
,
['索・豪黑'],['男']
,
['黛西・雷德利'],['女']
,
['李宜儒'],['女']
,
['贝利'],['男']
,
['法如克・贾法尔'],['女']
,
['李起弘'],['男']
,
['梅丽尔・斯特里普'],['女']
,
['高圣远'],['男']
,
['米利森特・西蒙兹'],['女']
,
['诺亚・尤佩'],['男']
,
['沈达威'],['男']
,
['刘北辰'],['男']
,
['丽贝卡・弗格森'],['女']
,
['理查德・艾欧阿德'],['男']
,
['袁福福'],['男']
,
['钟楚曦'],['女']
,
['董子健'],['男']
,
['贲蓝琪'],['女']
,
['健子'],['女']
,
['宫哲'],['女']
,
['高冬平'],['男']
,
['张楠'],['男']
,
['多米尼克・威斯特'],['男']
,
['张磊'],['男']
,
['赵英俊'],['男']
,
['叶云'],['女']
,
['吴谨言'],['女']
,
['杜天皓'],['男']
,
['Vander McLeod'],['男']
,
['A娜'],['女']
,
['塞尔维托・埃斯波西多'],['女']
,
['张恒睿'],['女']
,
['晋松'],['男']
,
['张芷榕'],['女']
,
['朱哲健'],['男']
,
['毕志飞'],['男']
,
['李彦漫'],['女']
,
['牛骏峰'],['男']
,
['何炅'],['男']
,
['王子子'],['女']
,
['伯纳尔・法西'],['男']
,
['金楷杰'],['男']
,
['梁景东'],['男']
,
['马利克・班泽拉'],['男']
,
['弗兰克・盖思堂彼得'],['男']
,
['赵龙豪'],['男']
,
['雷佳'],['男']
,
['韩童生'],['男']
,
['图特哈蒙'],['男']
,
['赵一博'],['女']
,
['道格・琼斯'],['男']
,
['唐纳德・格洛弗'],['男']
,
['吴军'],['男']
,
['王旭峰'],['男']
,
['凯伦・吉兰'],['女']
,
['朱耕佑'],['男']
,
['帕特里克・威尔森'],['男']
,
['乔纳森・班克斯'],['男']
,
['查尔斯・艾特肯'],['男']
,
['梁霆炜'],['男']
,
['付小仙'],['女']
,
['康宁'],['女']
,
['玛丽亚・米罗诺娃'],['女']
,
['柳波芙・阿克肖诺娃'],['女']
,
['艾尚絮'],['女']
,
['欧克萨娜・范德拉'],['女']
,
['宋天'],['女']
,
['刘国光'],['男']
,
['张星阑'],['女']
,
['弗拉季米尔・弗多维琴科夫'],['男']
,
['刘林城'],['女']
,
['陈子由'],['男']
,
['拉纳・达格巴提'],['男']
,
['挲塞亚拉杰'],['男']
,
['安努舒卡・谢蒂'],['女']
,
['王歆霆'],['女']
,
['梁振伦'],['男']
,
['露比・莫迪恩'],['女']
,
['伊瑟尔・布罗萨德'],['男']
,
['唐雅菁'],['女']
,
['杰西卡・罗德'],['女']
,
['梁达伟'],['男']
,
['兰迪普・弘达'],['男']
,
['泰莎・汤普森'],['女']
,
['维拉・法梅加'],['女']
,
['娜塔莉・波特曼'],['女']
,
['詹妮弗・杰森・李'],['女']
,
['林永健'],['男']
,
['阿尔登・埃伦瑞奇'],['男']
,
['阎么么'],['女']
,
['凯文・哈特'],['男']
,
['尤勇智'],['男']
,
['理查德・詹金斯'],['男']
,
['麦茜・威廉姆斯'],['女']
,
['汤姆・希德勒斯顿'],['男']
,
['迈克尔・珊农'],['男']
,
['托比亚斯・莫雷蒂'],['男']
,
['曼纽尔・卡马科'],['男']
,
['Boris Aljinovic'],['女']
,
['Otto Waalkes'],['男']
,
['Mirco Nontschew'],['女']
,
['约翰・卡拉辛斯基'],['男']
,
['高以翔'],['男']
,
['让・雷诺'],['男']
,
['宋茜'],['女']
,
['艾米莉・布朗特'],['女']
,
['贾樟柯'],['男']
,
['唐小然'],['女']
,
['张佳浩'],['男']
,
['王双琥'],['男']
,
['苏小妹'],['女']
,
['缪艺豪'],['男']
,
['余皑磊'],['男']
,
['张杨智子'],['女']
,
['张'],['女']
,
['布莱恩・科兰斯顿'],['男']
,
['玛尔江.巴依吐肯'],['女']
,
['海拉提・哈利木'],['女']
,
['张宜苏'],['女']
,
['方青卓'],['女']
,
['夏月'],['女']
,
['句兆杰'],['男']
,
['陈佳汐'],['女']
,
['周华健'],['男']
,
['杨砚铎'],['男']
,
['伊恩・麦克莱恩'],['男']
,
['爱德华・哈里森・诺顿'],['男']
,
['李宇峰'],['男']
,
['王梓权'],['男']
,
['杨h'],['女']
,
['王大陆'],['男']
,
['罗翔'],['男']
,
['钱明'],['男']
,
['比尔・默瑞'],['男']
,
['滕汝骏'],['男']
,
['闫美伊'],['女']
,
['巩俐'],['女']
,
['季晓'],['女']
,
['居文沛'],['女']
,
['王水林'],['女']
,
['张钧甯'],['女']
,
['黎拥宪'],['女']
,
['次仁顿珠'],['女']
,
['周秀娜'],['女']
,
['迪丽热巴'],['女']
,
['冯秦川'],['女']
,
['理查德・劳斯伯格'],['男']
,
['米瑞安・玛格莱斯'],['女']
,
['杰米・金'],['女']
,
['海尔夫'],['女']
,
['吕聿来'],['男']
,
['平山浩行'],['男']
,
['本古'],['女']
,
['小狮子'],['女']
,
['布朗特・乌斯塔曼'],['男']
,
['杜曼'],['女']
,
['莉莉・戴'],['女']
,
['韩伯维'],['女']
,
['李恒'],['男']
,
['言兴朋'],['男']
,
['吴铭'],['男']
,
['滕艺'],['女']
,
['贺云庆'],['男']
,
['卡拉・吉门内斯'],['女']
,
['大卫・德路易斯'],['男']
,
['杰德・瑞斯'],['男']
,
['麦肯泽・摩斯'],['女']
,
['杨俊生'],['男']
,
['谭满堂'],['男']
,
['夏靖庭'],['男']
,
['宋佳'],['女']
,
['李波'],['男']
,
['于莎莎'],['女']
,
['于明加'],['女']
,
['谭维维'],['女']
,
['徐露'],['女']
,
['谭凯'],['男']
,
['王栎鑫'],['男']
,
['张歆艺'],['女']
,
['郭政建'],['男']
,
['刘康'],['男']
,
['徐梦娟'],['女']
,
['林强'],['男']
,
['郑昊'],['男']
,
['何达'],['男']
,
['阿本'],['男']
,
['刘书宏'],['男']
,
['李昂霖'],['男']
,
['魏嘉镁'],['女']
,
['何为'],['男']
,
['约翰・塞纳'],['男']
,
['张云龙'],['女']
,
['克里斯蒂・米切尔'],['女']
,
['简・默勒尼'],['女']
,
['奥列格・缅希科夫'],['男']
,
['丹尼斯・奎德'],['男']
,
['Clark Sarullo'],['女']
,
['远藤宪一'],['男']
,
['高婷婷'],['女']
,
['邹洁仪'],['女']
,
['伊琳娜・戈尔巴乔娃'],['女']
,
['尹P'],['男']
,
['李可'],['女']
,
['李勤勤'],['女']
,
['许薇'],['女']
,
['孟宇'],['男']
,
['杨光普照'],['男']
,
['鲁园'],['女']
,
['张双兵'],['女']
,
['罗海琼'],['女']
,
['奥莉亚・祖耶娃'],['女']
,
['葛凌芮'],['女']
,
['弗拉基米尔・伊利因'],['男']
,
['李劲峰'],['女']
,
['林遣都'],['男']
,
['村上虹郎'],['男']
,
['尾野真千子'],['女']
,
['山田凉介'],['男']
,
['魏子涵'],['男']
,
['康潇诺'],['女']
,
['林潇'],['男']
,
['奶瓶'],['女']
,
['伊莎贝拉・弗尔曼'],['女']
,
['欧列格・缅希科夫'],['男']
,
['谢尔盖・加尔马什'],['男']
,
['伊琳娜・斯达申鲍姆'],['女']
,
['凯尔希・格兰莫'],['男']
,
['凯南・鲁兹'],['男']
,
['毛拉・蒂尔内'],['女']
,
['艾米・莱安'],['女']
,
['史蒂夫・卡瑞尔'],['男']
,
['蒂莫西・柴勒梅德'],['男']
,
['佐伊・克拉维兹'],['女']
,
['广末凉子'],['女']
,
['海伦・米伦'],['女']
,
['瑛太'],['男']
,
['陈红'],['女']
,
['唐纳德・萨瑟兰'],['男']
,
['张璐'],['女']
,
['新垣结衣'],['女']
,
['伊藤步'],['女']
,
['何苦'],['男']
,
['上户彩'],['女']
,
['吴超'],['男']
,
['戴夫・巴蒂斯塔'],['男']
,
['斋藤工'],['男']
,
['西尔维斯特・史泰龙'],['男']
,
['王成思'],['男']
,
['陶亮'],['男']
,
['土旦巴桑'],['女']
,
['饶子君'],['女']
,
['王天发'],['女']
,
['马嘉祺'],['男']
,
['杰基・韦佛'],['女']
,
['毛俊杰'],['女']
,
['塔拉・斯特朗'],['女']
,
['奥卓・阿杜巴'],['女']
,
['克里斯汀・肯诺恩斯'],['女']
,
['沈念如'],['女']
,
['李仰'],['女']
,
['李兰陵'],['男']
,
['巴金旺甲'],['女']
,
['李现'],['男']
,
['张若昀'],['男']
,
['曹t诺'],['女']
,
['杜金京'],['女']
,
['徐一'],['女']
,
['倪大红'],['男']
,
['林允'],['女']
,
['雷宇扬'],['男']
,
['付赫安琪'],['女']
,
['威廉・鲍德温'],['男']
,
['郭万超'],['男']
,
['朱晓鸣'],['男']
,
['洪浚嘉'],['男']
,
['何明翰'],['男']
,
['石安妮'],['女']
,
['王芊'],['女']
,
['尚格・云顿'],['男']
,
['杜夫・龙格尔'],['男']
,
['虎虎'],['女']
,
['阿尔・萨皮恩扎'],['男']
,
['尹天照'],['男']
,
['查理・普拉默'],['男']
,
['林柏宏'],['男']
,
['马克・沃尔伯格'],['男']
,
['梅兰尼・格里菲斯'],['女']
,
['克里斯托弗・普卢默'],['男']
,
['杨烁'],['男']
,
['许铂岑'],['男']
,
['戚砚笛'],['女']
,
['常戎'],['男']
,
['杜旭东'],['男']
,
['保剑锋'],['男']
,
['曹寇'],['男']
,
['薛峰'],['男']
,
['曹恺'],['女']
,
['王挺'],['男']
,
['陈张太康'],['男']
,
['艾米・舒默'],['女']
,
['朱昌龙'],['女']
,
['佟心竹'],['女']
,
['简・林奇'],['女']
,
['冯巩'],['男']
,
['张子扬'],['女']
,
['黄嘉鑫'],['女']
,
['山下智久'],['男']
,
['陈信'],['男']
,
['赵克明'],['男']
,
['高泰宇'],['男']
,
['王小雨'],['女']
,
['黄俊鹏'],['男']
,
['于飞'],['女']
,
['连建亭'],['女']
,
['张铂辰'],['男']
,
['啜妮'],['女']
,
['邹元清'],['女']
,
['胡可'],['女']
,
['吴大维'],['男']
,
['殷桃'],['女']
,
['何赛飞'],['女']
,
['谢林彤'],['女']
,
['冯淑燕'],['女']
,
['倪新宇'],['男']
,
['孙亿舒'],['女']
,
['杰拉丁妮・詹姆斯'],['女']
,
['布莱德利・惠特福德'],['男']
,
['胡悦'],['女']
,
['张译夫'],['男']
,
['曾宪春'],['女']
,
['曾丽瑶'],['女']
,
['李双双'],['女']
,
['杨晓燕'],['女']
,
['李天佑'],['男']
,
['范梦'],['女']
,
['蒋雯丽'],['女']
,
['陈浩民'],['男']
,
['修睿'],['男']
,
['林子聪'],['男']
,
['小日向文世'],['男']
,
['天海v希'],['女']
,
['神木隆之介'],['男']
,
['杉D花'],['女']
,
['尹世平'],['男']
,
['余文海'],['男']
,
['余秀华'],['女']
,
['屠画'],['女']
,
['刘磊'],['女']
,
['王勇'],['女']
,
['赵静'],['女']
,
['明子煜'],['女']
,
['周恒乐'],['女']
,
['汤姆・费尔顿'],['男']
,
['陈小凤'],['女']
,
['凯特・玛拉'],['女']
,
['薇姬・克里普斯'],['女']
,
['史特凡・柯纳斯克'],['男']
,
['奥利维埃・古尔梅'],['男']
,
['谭杰希'],['男']
,
['李桂苓'],['女']
,
['奥古斯特・迪赫'],['男']
,
['温新宇'],['男']
,
['田天'],['女']
,
['李哲羽'],['女']
,
['张洋'],['女']
,
['咏梅'],['女']
,
['梁超'],['男']
,
['谢治勋'],['男']
,
['蔡洁'],['女']
,
['林耀声'],['男']
,
['菅纫姿'],['女']
,
['瑟妮娅・拉芙洛娃-格林卡'],['女']
,
['海伦・文森特'],['女']
,
['王同辉'],['男']
,
['万茜'],['女']
,
['段奕宏'],['男']
,
['张艺舰'],['女']
,
['葵若菜'],['女']
,
['泉泽v希'],['男']
,
['深津绘里'],['女']
,
['晓凡'],['女']
,
['鲁特格尔・哈尔'],['男']
,
['王亮'],['男']
,
['张榕容'],['女']
,
['利亚姆・坎宁安'],['男']
,
['白冰'],['女']
,
['韩秋池'],['男']
,
['味芳'],['女']
,
['吴璇'],['女']
,
['前野朋哉'],['男']
,
['莫谦'],['女']
,
['朱璇'],['女']
,
['董琦'],['女']
,
['胡伊睿'],['女']
,
['黄梁宇'],['女']
,
['萨姆・里德'],['男']
,
['朱子岩'],['女']
,
['岳红'],['女']
,
['沈伐'],['男']
,
['米契尔・哈思曼'],['男']
,
['周诗琪'],['女']
,
['绿绮'],['女']
,
['禹祥'],['男']
,
['树锋'],['男']
,
['梅芙・德莫迪'],['女']
,
['竹内结子'],['女']
,
['董晴'],['女']
,
['顾宝明'],['男']
,
['张颂文'],['男']
,
['福士苍汰'],['男']
,
['韩朴俊'],['男']
,
['朱颜曼滋'],['女']
,
['李心敏'],['男']
,
['李N炫'],['男']
,
['席琳・荣特'],['女']
,
['段云圣'],['女']
,
['黄诗棋'],['女']
,
['宋四维'],['女']
,
['陈冠霖'],['男']
,
['温海波'],['男']
,
['朱泳腾'],['男']
,
['丁丁'],['女']
,
['黄宝龙'],['女']
,
['古玉枫'],['女']
,
['张郎'],['男']
,
['满岛真之介'],['男']
,
['杨峻宇'],['男']
,
['欧阳小如'],['女']
,
['王心刚'],['男']
,
['于洋'],['男']
,
['王晓棠'],['女']
,
['陈子平'],['男']
,
['孙博'],['男']
,
['吴旭'],['女']
,
['刘思童'],['男']
,
['孙亦沐'],['男']
,
['杜函梦'],['女']
,
['李杨'],['男']
,
['李至正'],['男']
,
['王丽娜'],['女']
,
['杨紫琼'],['女']
,
['王奕然'],['男']
,
['傅汉源'],['男']
,
['陈倩楠'],['女']
,
['康涵'],['女']
,
['钱哆多'],['女']
,
['叶门'],['女']
,
['茶艾南'],['女']
,
['易烊千玺'],['男']
,
['叶不勒'],['女']
,
['英泽'],['女']
,
['史努比狗狗'],['男']
,
['刘玉玲'],['女']
,
['傅亨'],['男']
,
['钱冬旎'],['女']
,
['尚茜'],['女']
,
['姜涛'],['男']
,
['周文羽'],['女']
,
['苏俊宇'],['女']
,
['吕克・本扎'],['男']
,
['华佳琪'],['女']
,
['赵立新'],['男']
,
['彭敬慈'],['男']
,
['埃尔莎・帕塔奇'],['女']
,
['萨维提・苏提查农'],['女']
,
['丹尼・罗维拉'],['男']
,
['卡诺查・曼雅德昂'],['女']
,
['孔琳'],['女']
,
['邵兵'],['男']
,
['刘'],['男']
,
['彭博'],['男']
,
['武正F'],['女']
,
['雷璐璐'],['女']
,
['奚美娟'],['女']
,
['周知'],['女']
,
['许贵源'],['女']
,
['韩娇娇'],['女']
,
['许还山'],['男']
,
['詹姆斯・麦卡沃伊'],['男']
,
['吉列尔莫・罗梅罗'],['女']
,
['梁静'],['女']
,
['刘佳龙'],['女']
,
['陆莹'],['女']
,
['贾宗超'],['男']
,
['雷牧'],['男']
,
['曲博'],['男']
,
['秦汉擂'],['男']
,
['朱仲春'],['女']
,
['广濑铃'],['女']
,
['金子'],['女']
,
['杨俊峰'],['男']
,
['役所广司'],['男']
,
['温正邦'],['女']
,
['安乙荞'],['女']
,
['梁天'],['男']
,
['刘恩诚'],['女']
,
['范洪涛'],['女']
,
['吴紫彤'],['女']
,
['福山雅治'],['男']
,
['裴魁山'],['男']
,
['韩彦博'],['男']
,
['帕斯卡尔・卡萨诺瓦'],['女']
,
['Emmanuel Curtil'],['男']
,
['菲利普・波佐'],['女']
,
['马志林'],['女']
,
['周进花'],['女']
,
['杰西・科尔蒂'],['男']
,
['迈克尔・格罗斯'],['男']
,
['是之'],['男']
,
['刘芷含'],['女']
,
['黄健'],['男']
,
['候云箫'],['女']
,
['玛娅・鲁道夫'],['女']
,
['安娜・法瑞丝'],['女']
,
['庞勇'],['女']
,
['白纬芬'],['女']
,
['T・J・米勒'],['男']
,
['石雨晴'],['女']
,
['胡溪格'],['女']
,
['刘E'],['男']
,
['金靖承'],['女']
,
['光良'],['男']
,
['丽莉・克亚芙'],['女']
,
['张一山'],['男']
,
['陈思'],['女']
,
['塞思・麦克法兰'],['男']
,
['徐子力'],['男']
,
['曹菡'],['女']
,
['庞贝童'],['女']
,
['韩素媛'],['女']
,
['耶而古拜'],['女']
,
['保罗・鲍恩'],['女']
,
['马子善'],['女']
,
['霍青'],['男']
,
['李砚'],['男']
,
['刘敏涛'],['女']
,
['赵闪闪'],['女']
,
['巴多'],['男']
,
['苏嘉航'],['男']
,
['聂彤芯'],['女']
,
['李易祥'],['男']
,
['龙水林'],['男']
,
['丁建钧'],['男']
,
['赵达'],['男']
,
['Jolka Krásná'],['女']
,
['李智勇'],['男']
,
['王建国'],['女']
,
['梁家仁'],['男']
,
['郝星棋'],['女']
,
['褚栓忠'],['男']
,
['李畅'],['男']
,
['刘波'],['女']
,
['Stanislav Zindulka'],['男']
,
['王宁'],['男']
,
['戚畅'],['男']
,
['钱波'],['男']
,
['韩昊霖'],['男']
,
['安冬'],['女']
,
['罗曼'],['女']
,
['李嘉文'],['男']
,
['冯健'],['女']
,
['张国荣'],['男']
,
['张子璇'],['女']
,
['林静'],['女']
,
['李卫东'],['男']
,
['朱九米'],['女']
,
['董子毅'],['女']
,
['陈峰'],['男']
,
['细谷佳正'],['男']
,
['张悦楠'],['女']
,
['仇硕康'],['女']
,
['张珏'],['男']
,
['代佳夕'],['女']
,
['吴耀汉'],['男']
,
['樱雪'],['女']
,
['梁辰羽'],['男']
,
['花江夏树'],['男']
,
['竹内顺子'],['女']
,
['刘炷诗'],['女']
,
['彭一家'],['男']
,
['马顺洗'],['男']
,
['李虎城'],['男']
,
['谈莉娜'],['女']
,
['丁洋'],['女']
,
['宣言'],['男']
,
['邢佳栋'],['男']
,
['阚'],['男']
,
['虞t杰'],['男']
,
['李骏诚'],['男']
,
['易柏辰'],['男']
,
['牛军'],['男']
,
['陈博睿'],['女']
,
['王彦夫'],['女']
,
['李亚真'],['女']
,
['许皓勋'],['女']
,
['王义钦'],['男']
,
['郭慧'],['女']
,
['洪天照'],['男']
,
['曹彦锋'],['男']
,
['李树生'],['男']
,
['张先童'],['男']
,
['谢钢'],['男']
,
['黄璐'],['女']
,
['杨晨'],['女']
,
['马瑞克・塔西里克'],['男']
,
['赵蕴卓'],['女']
,
['王铮'],['男']
,
['克里斯托弗・哈德克'],['男']
,
['班玛久买'],['女']
,
['常索妮'],['女']
,
['英壮'],['男']
,
['刘美君'],['女']
,
['王彦霖'],['男']
,
['亚历山德拉・乌尔苏利亚科'],['女']
,
['王翔'],['男']
,
['叶鹏'],['男']
,
['张浩'],['女']
,
['苗雅宁'],['男']
,
['徐永革'],['男']
,
['任帅'],['男']
,
['袁中方'],['女']
,
['卢喜文'],['女']
,
['安然'],['女']
,
['张智超'],['男']
,
['何靖'],['女']
,
['黄米依'],['女']
,
['卫仑'],['男']
,
['王渊慧'],['女']
,
['窦柏林'],['男']
,
['粱哲'],['男']
,
['冯可'],['男']
,
['陈舒宜'],['女']
,
['乌吉穆'],['女']
,
['苏杉杉'],['女']
,
['阿云嘎'],['男']
,
['比利・克鲁德普'],['男']
,
['彼得・萨斯加德'],['男']
,
['段艺璇'],['女']
,
['格蕾塔・葛韦格'],['女']
,
['刘姝贤'],['女']
,
['罗雪丽'],['女']
,
['郭飞歌'],['女']
,
['吴嘉龙'],['男']
,
['宋晓英'],['女']
,
['郑卫莉'],['女']
,
['安荣生'],['男']
,
['卢奇'],['男']
,
['刘芮侨'],['女']
,
['李铁军'],['男']
,
['金巴'],['男']
,
['扎西'],['女']
,
['杨秀措'],['女']
,
['夏磊'],['男']
,
['阿杰'],['男']
,
['张杨果而'],['女']
,
['斯力更'],['男']
,
['耿强'],['男']
,
['吴冬妮'],['女']
,
['杨梓艺'],['女']
,
['张正阳'],['男']
,
['邓燕歌'],['女']
,
['徐囡楠'],['女']
,
['赵婉瑜'],['女']
,
['张桐'],['男']
,
['夏梦'],['女']
,
['刚毅'],['男']
,
['孙海洋'],['女']
,
['李金斗'],['男']
,
['祝希娟'],['女']
,
['飞尔多斯'],['男']
,
['宋星翰'],['男']
,
['孙O'],['女']
,
['李立'],['男']
,
['冼色丽'],['女']
,
['邱胜翊'],['男']
,
['汪洋'],['女']
,
['刘延博'],['女']
,
['谢帝'],['男']
,
['周云蓬'],['男']
,
['钟远林'],['女']
,
['安伯・道格拉斯'],['女']
,
['苏翊鸣'],['男']
,
['赵成晨'],['女']
,
['徐洁儿'],['女']
,
['赵震'],['男']
,
['李立宏'],['男']
,
['许凯'],['女']
,
['杨家麟'],['女']
,
['康钰潇'],['女']
,
['阎汶宣'],['女']
,
['张晔子'],['女']
,
['肖杨博涵'],['男']
,
['释小松'],['男']
,
['陈俊宇'],['女']
,
['马祥睿'],['男']
,
['高雪儿'],['女']
,
['陶奕希'],['女']
,
['宦宇'],['女']
,
['裘恩典'],['女']
,
['李志'],['男']
,
['廖健'],['男']
,
['郝柏杰'],['男']
,
['冯波'],['女']
,
['宋祉璇'],['女']
,
['汤龙'],['男']
,
['二勇'],['男']
,
['陈智深'],['男']
,
['郭泱'],['女']
,
['申屠韩茜'],['女']
,
['张永达'],['男']
,
['王一霏'],['女']
,
['刘熙阳'],['女']
,
['谢孟伟'],['男']
,
['王思懿'],['女']
,
['孟智超'],['男']
,
['赵樱子'],['女']
,
['Christopher Gabardi'],['女']
,
['Beth Champion'],['男']
,
['Annabel Wolfe'],['女']
,
['乔丹・杜力乌'],['男']
,
['陈沁霖'],['女']
,
['金泳三'],['男']
,
['许之糯'],['男']
,
['王尉'],['男']
,
['周思竹'],['女']
,
['淳于珊珊'],['男']
,
['蒋一铭'],['男']
,
['余爱笑'],['女']
,
['曾漪莲'],['女']
,
['李晓红'],['女']
,
['朱利亚・卡罗维尼'],['女']
,
['宋睿'],['女']
,
['曹操'],['男']
,
['朱丹'],['女']
,
['杜雨露'],['男']
,
['朱诺・坦普尔'],['女']
,
['胡安・赫苏斯・罗德里格斯'],['女']
,
['弗朗切斯科・德穆罗'],['女']
,
['詹姆斯・贝鲁什'],['男']
,
['埃尔莫内拉・贾霍'],['女']
,
['贾斯汀・汀布莱克'],['男']
,
['凯特・温丝莱特'],['女']
,
['方城淞'],['女']
,
['张学仁'],['女']
,
['王居峰'],['女']
,
['喻言'],['女']
,
['薛明媛'],['女']
,
['黄娟'],['女']
,
['张佳熙'],['女']
,
['袁新'],['男']
,
['乔・埃德里安'],['男']
,
['金续航'],['女']
,
['张馨儿'],['女']
,
['叶轩彤'],['女']
,
['陈怡凡'],['女']
,
['范薇'],['女']
,
['张博'],['男']
,
['李屹伦'],['男']
,
['王一鸣'],['男']
,
['向俞星'],['女']
,
['林伟'],['男']
,
['连诗雅'],['女']
,
['王钧康'],['男']
,
['史洪波'],['男']
,
['张乃元'],['女']
,
['蒋韵兮'],['女']
,
['江奇霖'],['男']
,
['屠育玮'],['男']
,
['梁恩'],['男']
,
['周舟'],['男']
,
['何乙轩'],['女']
,
['王诗雯淇'],['女']
,
['朴政希'],['男']
,
['徐文宇'],['女']
,
['李运佳'],['男']
,
['王德顺'],['男']
,
['孟晓涵'],['女']
,
['杨子骅'],['男']
,
['周末'],['女']
,
['陈禹铭'],['女']
,
['索笑坤'],['男']
,
['李青柯'],['男']
,
['肖燕'],['女']
,
['宣萱'],['女']
,
['周婧'],['女']
,
['狄龙'],['男']
,
['郑淑贤'],['女']
,
['杨小璇'],['女']
,
['马新春'],['男']
,
['王干一'],['男']
,
['木也司尔'],['女']
,
['陈政阳'],['男']
,
['马筱哲'],['女']
,
['雷诺儿'],['男']
,
['高翔'],['男']
,
['欧阳佳'],['女']
,
['弗罗伦斯・哈蒂根'],['女']
,
['安娜・德拉・克鲁兹'],['女']
,
['切尔西・洛佩兹'],['女']
,
['雅尼娜・杰克逊'],['女']
,
['米杨'],['女']
,
['李侥'],['女']
,
['陈道明'],['男']
,
['大鹅'],['女']
,
['李九霄'],['男']
,
['萌猪'],['女']
,
['张震'],['男']
,
['修庆'],['男']
,
['南笙'],['女']
,
['黄成麟'],['男']
,
['魏子千'],['女']
,
['杨舒婷'],['女']
,
['王莘迪'],['女']
,
['贾本初'],['女']
,
['倪慕斯'],['女']
,
['亢继辉'],['男']
,
['李国麟'],['男']
,
['沈保平'],['男']
,
['谈梓聿'],['女']
,
['苑盈'],['女']
,
['贾云哲'],['男']
,
['赵灵儿'],['女']
,
['何蓝逗'],['女']
,
['罗鸣'],['男']
,
['贾石'],['女']
,
['张璐瑶'],['女']
,
['祖绮颖'],['男']
,
['种丹妮'],['女']
,
['李伯清'],['男']
,
['颜丙燕'],['女']
,
['杜建桥'],['男']
,
['周杰'],['男']
,
['王艺'],['女']
,
['高爽'],['男']
,
['田川'],['男']
,
['王家强'],['男']
,
['潘彦妃'],['女']
,
['蔚岩峰'],['女']
,
['文卓'],['男']
,
['杨致远'],['女']
,
['马岩'],['男']
,
['刘永生'],['男']
,
['Rienus Krul'],['女']
,
['艾比・侯斯'],['女']
,
['朱利安.卢曼'],['男']
,
['王亚军'],['女']
,
['Stephanie Strehlow'],['女']
,
['柯子静'],['女']
,
['涂世F'],['男']
,
['索菲.范.德温'],['女']
,
['关飞扬'],['男']
,
['李健仁'],['男']
,
['赵奕欢'],['女']
,
['郑文辉'],['男']
,
['王洛勇'],['男']
,
['夏诺・扎西敦珠'],['男']
,
['岳辛'],['女']
,
['德姬'],['女']
,
['黄一山'],['男']
,
['郑岚'],['女']
,
['大卫・毕加索'],['男']
,
['王可'],['女']
,
['于果儿'],['女']
,
['赵亮'],['男']
,
['杨名'],['男']
,
['王涵'],['男']
,
['徐嘉雯'],['女']
,
['曲木古火・秋风'],['男']
,
['樊少皇'],['男']
,
['朱孝天'],['男']
,
['班铁翔'],['男']
,
['杨贵媚'],['女']
,
['彭鸿禹'],['女']
,
['李光洁'],['男']
,
['关键'],['男']
,
['陈文俊'],['女']
,
['胡之熙'],['女']
,
['温航'],['男']
,
['李炎欣'],['女']
,
['高艺'],['女']
,
['厉娜'],['女']
,
['何柔熹'],['女']
,
['郑晓勇'],['男']
,
['曹蕴'],['女']
,
['贾子宸'],['男']
,
['景涛'],['男']
,
['冯伟力'],['男']
,
['桑平'],['男']
,
['郭建明'],['女']
,
['文铭'],['男']
,
['白文信'],['女']
,
['郭嵩涛'],['男']
,
['田源'],['男']
,
['徐冬冬'],['女']
,
['徐捷'],['男']
,
['秦鸣悦'],['女']
,
['王宇泽'],['男']
,
['王笑天'],['男']
,
['何晟铭'],['男']
,
['卢杉'],['女']
,
['宗昊'],['女']
,
['孙弋惟'],['女']
,
['张艺航'],['女']
,
['赵多娜'],['女']
,
['冯铭潮'],['男']
,
['中泽祥'],['男']
,
['翁滋蔓'],['女']
,
['杜学成'],['男']
,
['赫林'],['女']
,
['叶斯琦'],['女']
,
['吴宣萱'],['女']
,
['林诗'],['女']
,
['侯宇航'],['女']
,
['俸泉'],['女']
,
['江兰萱'],['女']
,
['项洪'],['女']
,
['杜双宇'],['男']
,
['迟蓬'],['女']
,
['宋宁峰'],['男']
,
['孙伊涵'],['女']
,
['王庆祥'],['男']
,
['赵婉娇'],['女']
,
['冯媛甄'],['女']
,
['朱丽岚'],['女']
,
['单明凯'],['男']
,
['孔令令'],['女']
,
['西德尼玛'],['男']
,
['周韦彤'],['女']
,
['张萍娟'],['女']
,
['宋邦春'],['男']
,
['那威'],['男']
,
['何中华'],['男']
,
['马冬'],['男']
,
['文东俊'],['男']
,
['阿里木江・阿迪力'],['男']
,
['吴雯璇'],['女']
,
['丁巧唯'],['女']
,
['郭鑫'],['女']
,
['金巧巧'],['女']
,
['林子闳'],['男']
,
['王良'],['男']
,
['维他亚・潘斯林加姆'],['男']
,
['乔・科尔'],['男']
,
['凯瑟琳・纽顿'],['女']
,
['王卫国'],['男']
,
['程小龙'],['男']
,
['周冉'],['男']
,
['钟奕儿'],['女']
,
['于金源'],['男']
,
['程小夏'],['女']
,
['郑龙'],['男']
,
['斯琴高娃'],['女']
,
['战鹤文'],['女']
,
['达力・买提胡夏力'],['男']
,
['刘锡明'],['男']
,
['水嘉宇'],['男']
,
['何育骏'],['男']
,
['Valentinas Krulikovskis'],['女']
,
['Jelena Kirejeva'],['女']
,
['张贺茗'],['男']
,
['达尼尔・奥勒布里斯基'],['男']
,
['维托・鲁吉尼斯'],['男']
,
['袁心冉'],['女']
,
['章涛'],['男']
,
['赖迦童'],['男']
,
['居来'],['男']
,
['李滨'],['女']
,
['班赞'],['男']
,
['刘金山'],['男']
,
['郭凯敏'],['男']
,
['朱梓骁'],['男']
,
['马强'],['男']
,
['石峄'],['女']
,
['隋名D'],['女']
,
['李诚儒'],['男']
,
['周芷莹'],['女']
,
['奇诺・达林'],['男']
,
['西尔维亚・阿隆索'],['女']
,
['阿德里亚娜・乌加特'],['女']
,
['马浚伟'],['男']
,
['杨紫嫣'],['女']
,
['考特尼・万斯'],['男']
,
['卢卡斯・赫奇斯'],['男']
,
['弗兰塞斯克・奥雷利亚'],['男']
,
['潘子剑'],['男']
,
['叶小开'],['男']
,
['朱袁员'],['女']
,
['李东翰'],['男']
,
['何其炜'],['男']
,
['赵千紫'],['女']
,
['石天龙'],['男']
,
['常海波'],['男']
,
['姜文轩'],['男']
,
['陆琦蔚'],['女']
,
['方晓莉'],['女']
,
['黄尚禾'],['男']
,
['敖犬'],['男']
,
['马提亚斯・修奈尔'],['男']
,
['陈嘉桓'],['女']
,
['马克斯・冯・叙多夫'],['男']
,
['张朋'],['男']
,
['魏巍'],['男']
,
['张艺骞'],['男']
,
['陈雅婷'],['女']
,
['吴毅将'],['男']
,
['李月'],['女']
,
['郑亚龙'],['女']
,
['徐子涵'],['女']
,
['郑明洋'],['男']
,
['张梓豫'],['女']
,
['田娜'],['女']
,
['范家其'],['男']
,
['吴京安'],['男']
,
['王宇'],['男']
,
['池华琼'],['女']
,
['陈晓桑'],['女']
,
['程东'],['男']
,
['杜子名'],['男']
,
['刘牧'],['男']
,
['阮颂扬'],['男']
,
['杨蓉'],['女']
,
['孙梦纯'],['女']
,
['翟天临'],['男']
,
['利颖怡'],['女']
,
['梁证嘉'],['男']
,
['张永梅'],['女']
,
['王泷正'],['男']
,
['钱惠丽'],['女']
,
['王荣荣'],['女']
,
['马克・罗斯顿'],['男']
,
['李靖'],['女']
,
['陈哲'],['女']
,
['周一诺'],['女']
,
['苗苗'],['女']
,
['姜尘'],['女']
,
['苑立若心'],['女']
,
['刘默飞'],['男']
,
['张颖冰'],['女']
,
['姚刚'],['男']
,
['刘婧'],['女']
,
['王多多'],['男']
,
['史振凯'],['女']
,
['孙童心'],['女']
,
['卫延侃'],['男']
,
['何文辉'],['男']
,
['赵忠'],['男']
,
['潘若瑶'],['女']
,
['丁翔南'],['女']
,
['缪云飞'],['男']
,
['齐超'],['女']
,
['齐漠祥'],['男']
,
['何宗礼'],['男']
,
['张茗杰'],['女']
,
['桑娜'],['女']
,
['温哲轩'],['男']
,
['柯伯龙'],['男']
,
['左腾云'],['男']
,
['李广斌'],['男']
,
['王瑞子'],['女']
,
['尤天翔'],['女']
,
['吴晴'],['女']
,
['吕明俊'],['女']
,
['郑拓疆'],['男']
,
['托马斯・伊恩・尼古拉斯'],['男']
,
['方亚芬'],['女']
,
['阿德沃尔・阿吉纽依-艾格拜吉'],['男']
,
['王俊棠'],['男']
,
['陶大宇'],['男']
,
['韩张'],['男']
,
['高姝瑶'],['女']
,
['唐冠华'],['男']
,
['林鹏'],['女']
,
['贾小双'],['女']
,
['李乃文'],['男']
,
['杨子沫'],['女']
,
['黑妹'],['女']
,
['坂本明'],['女']
,
['水崎绫女'],['女']
,
['高欣生'],['女']
,
['祝新运'],['男']
,
['王梁双全'],['女']
,
['李槐龙'],['男']
,
['筒井道隆'],['男']
,
['周庆文'],['女']
,
['范纪和'],['女']
,
['王品然'],['女']
,
['张立昕'],['女']
,
['顾易浩'],['男']
,
['苏莎'],['女']
,
['郝光'],['男']
,
['王艺禅'],['女']
,
['李茂'],['男']
,
['李玲'],['女']
,
['尚国伟'],['男']
,
['周艺勤'],['女']
,
['祝诗斯'],['女']
,
['冉冉'],['女']
,
['梁小龙'],['男']
,
['刘立'],['女']
,
['陈迪生'],['女']
,
['张继聪'],['男']
,
['奥田瑛二'],['男']
,
['张鹰'],['男']
,
['鄂博'],['女']
,
['于晓光'],['男']
,
['袁子芸'],['女']
,
['闫鹿杨'],['女']
,
['潘章明'],['男']
,
['战天泽'],['男']
,
['康斯坦丁・哈宾斯基'],['男']
,
['吴莫愁'],['女']
,
['豪尔赫・德・莱昂'],['女']
,
['邵老五'],['男']
,
['安圣浩'],['男']
,
['叶甫盖尼・米罗诺夫'],['男']
,
['张艺文'],['女']
,
['吴凡'],['女']
,
['周宗禹'],['女']
,
['白涛'],['男']
,
['吉静'],['女']
,
['夏嘉伟'],['男']
,
['李歌洋'],['男']
,
['魏哲鸣'],['男']
,
['蒋方婷'],['女']
,
['王越'],['男']
,
['乔乔'],['女']
,
['汉研'],['男']
,
['冯思雨'],['女']
,
['李耕'],['男']
,
['高上淇'],['女']
,
['陈霏怡'],['女']
,
['余薇薇'],['女']
,
['黄若熙'],['女']
,
['卢野'],['男']
,
['陈玺旭'],['男']
,
['帕斯卡尔・格雷戈里'],['男']
,
['许芳铱'],['女']
,
['滕奎兴'],['男']
,
['赵红'],['女']
,
['孙骁潇'],['男']
,
['储小蕾'],['女']
,
['宋恩逸'],['男']
,
['焉栩嘉'],['男']
,
['张治中'],['男']
,
['刘成'],['男']
,
['李恰'],['男']
,
['许喵喵'],['女']
,
['孙家文'],['男']
,
['陈奕鸣'],['男']
,
['孙丹丹'],['女']
,
['姚奕辰'],['男']
,
['金泰焕'],['男']
,
['宋妍霏'],['女']
,
['李雨阳'],['男']
,
['郭九龙'],['男']
,
['高明'],['男']
,
['王筱沫'],['女']
,
['姬他'],['男']
,
['房程程'],['女']
,
['邵羲'],['男']
,
['马佳慧'],['女']
,
['陈思贤'],['男']
,
['曹馨月'],['女']
,
['吴琼'],['女']
,
['胡洋'],['男']
,
['钱漪'],['男']
,
['陈圆媛'],['女']
,
['田鑫雨'],['男']
,
['田渤'],['男']
,
['王锦'],['男']
,
['宗峰岩'],['男']
,
['阮圣文'],['男']
,
['曾侃'],['男']
,
['曲国强'],['男']
,
['法布里肖・博利韦拉'],['男']
,
['罗伯特・罗德里格斯'],['女']
,
['费尔南多・埃拉斯'],['男']
,
['金敏载'],['男']
,
['郑有美'],['女']
,
['沈恩京'],['女']
,
['卢秋宏'],['女']
,
['柳承龙'],['男']
,
['刘昌伟'],['男']
,
['周嘉莉'],['女']
,
['叶芷如'],['女']
,
['张绍飞'],['女']
,
['孙耀威'],['男']
,
['郭俊宇'],['女']
,
['王馨云'],['女']
,
['王馨月'],['女']
,
['蒋济远'],['女']
,
['李芯萌'],['女']
,
['李天烨'],['男']
,
['王若u'],['女']
,
['许玮甯'],['女']
,
['白梓轩'],['男']
,
['曾昂'],['男']
,
['莫子仪'],['男']
,
['胡琨'],['男']
,
['邱彦翔'],['男']
,
['高伟中'],['男']
,
['王建飞'],['男']
,
['窦凤琴'],['女']
,
['由立平'],['男']
,
['格劳瑞・皮尔丝'],['女']
,
['马率'],['男']
,
['左夏初'],['女']
,
['王洪千'],['男']
,
['芮丹尼'],['男']
,
['梅树森'],['女']
,
['王小宝'],['男']
,
['赵国燕王'],['男']
,
['艾涛'],['男']
,
['迈克尔・塞拉'],['男']
,
['李洪臣'],['男']
,
['柳杨'],['女']
,
['陈熙明'],['女']
,
['张t'],['女']
,
['郭姝彤'],['女']
,
['吉克阿优'],['男']
,
['邬霞'],['女']
,
['老井'],['男']
,
['关新伟'],['男']
,
['丁凡'],['男']
,
['彭庆华'],['男']
,
['曾小敏'],['女']
,
['闫立飞'],['男']
,
['程镇'],['女']
,
['尹菲'],['女']
,
['纪宁'],['男']
,
['李肖宁'],['男']
,
['黎俊声'],['女']
,
['倪惠英'],['女']
,
['吴旭东'],['男']
,
['杨淼'],['女']
,
['张金元'],['男']
,
['管新成'],['男']
,
['王菀晨'],['女']
,
['刘江'],['男']
,
['凌文龙'],['男']
,
['李明'],['男']
,
['毛舜筠'],['女']
,
['吕良伟'],['男']
,
['王棠云'],['女']
,
['廖望'],['男']
,
['张含韵'],['女']
,
['兰道尔・朴'],['男']
,
['寇碧・史莫德斯'],['女']
,
['塔兰・基拉姆'],['男']
,
['莎拉・弗里斯蒂'],['女']
,
['亚瑟・杜彭'],['男']
,
['布鲁诺・萨拉曼'],['男']
,
['皮埃尔・里夏尔'],['男']
,
['郑文蓉'],['女']
,
['刘凌菱'],['女']
,
['周镯仪'],['女']
,
['李建新'],['男']
,
['张嘉译'],['男']
,
['张艺杰'],['女']
,
['石菲'],['女']
,
['杨正驰'],['女']
,
['王倩'],['女']
,
['温碧霞'],['女']
,
['刘向京'],['男']
,
['黄维德'],['男']
,
['崔尔康'],['男']
,
['李秉润'],['男']
,
['张春仲'],['男']
,
['朱戬'],['男']
,
['赵琳苑'],['女']
,
['言羽'],['女']
,
['田家达'],['男']
,
['詹瑞文'],['男']
,
['李雪妮'],['女']
,
['迟帅'],['男']
,
['陈汉典'],['男']
,
['益西旦增'],['女']
,
['噶玛松姆'],['女']
,
['庹宗华'],['男']
,
['落松土登'],['女']
,
['翟星月'],['女']
,
['刘念'],['女']
,
['李松珂'],['男']
,
['张学娇'],['女']
,
['徐才根'],['男']
,
['李宗雷'],['男']
,
['林辰涵'],['女']
,
['孟美岐'],['女']
,
['杜沁怡'],['女']
,
['杨潇'],['男']
,
['许建'],['男']
,
['罗蓝山'],['男']
,
['钟曼洋'],['女']
,
['陈国良'],['男']
,
['老虎'],['男']
,
['上官琪枫'],['女']
,
['李晶'],['女']
,
['张德晖'],['男']
,
['文苡帆'],['男']
,
['黄垲翔'],['男']
,
['苗驰'],['男']
,
['姜卓君'],['女']
,
['陈志海'],['女']
,
['许绍洋'],['男']
,
['罗志祥'],['男']
,
['曹婧'],['女']
,
['周文韬'],['男']
,
['王雅迪'],['女']
,
['冯家妹'],['女']
,
['任青安'],['男']
,
['王海涛'],['男']
,
['罗悠月'],['女']
,
['埃洛尔・尚'],['男']
,
['谢园'],['男']
,
['萨沙・杰克逊'],['女']
,
['吴昊泽'],['男']
,
['孟瑞'],['男']
,
['藤新'],['男']
,
['李感'],['男']
,
['王乃训'],['男']
,
['王春妹'],['女']
,
['陈德容'],['女']
,
['金起范'],['男']
,
['王秀竹'],['女']
,
['孙海英'],['男']
,
['方逸伦'],['男']
,
['张贵生'],['男']
,
['杨猛'],['男']
,
['鲍里斯・雷林格'],['男']
,
['龚婉怡'],['女']
,
['纪尧姆・达尔诺'],['男']
,
['李菁菁'],['女']
,
['Sean Magyar'],['女']
,
['于书瑶'],['女']
,
['田璐'],['男']
,
['陈朵怡'],['女']
,
['姜凯'],['女']
,
['S子v'],['女']
,
['张暖雅'],['女']
,
['张亚飞'],['男']
,
['王歌'],['女']
,
['张小觉'],['女']
,
['张效鹏'],['女']
,
['吕建伟'],['男']
,
['刘煜'],['女']
,
['姬晴'],['女']
,
['汤姆・奥斯汀'],['男']
,
['西恩・帕特维'],['男']
,
['陆景朋'],['男']
,
['刘昕妍'],['女']
,
['杨茜'],['女']
,
['海洋'],['男']
,
['李祥祥'],['男']
,
['黄启航'],['女']
,
['陈楚洹'],['男']
,
['斯坦利・图齐'],['男']
,
['娜塔莎・雷昂'],['女']
,
['黎兆丰'],['男']
,
['龙品旭'],['男']
,
['威尔・阿奈特'],['男']
,
['张伟'],['男']
,
['克里斯托弗・布莱恩・布里奇斯'],['男']
,
['亚历山大・佩特罗夫'],['男']
,
['阿格莱亚・塔拉索娃'],['女']
,
['黄海冰'],['男']
,
['卢宇光'],['男']
,
['潘采夫'],['男']
,
['徐凤文'],['男']
,
['Camille Genaud'],['女']
,
['Ludovic Chazaud'],['女']
,
['焦妮'],['女']
,
['吕亚萍'],['女']
,
['刘劲'],['男']
,
['强光宗'],['男']
,
['薛从海'],['男']
,
['包克'],['女']
,
['顾宇峰'],['男']
,
['贾超'],['女']
,
['冯璧晴'],['女']
,
['安东尼・加瓦德'],['男']
,
['许毛毛'],['男']
,
['维琴佐・陶尔米纳'],['女']
,
['田浩江'],['男']
,
['徐光宇'],['男']
,
['钱小华'],['男']
,
['范志毅'],['男']
,
['普拉西多・多明戈'],['男']
,
['史航'],['男']
,
['陈圆'],['女']
,
['让-吕克・戈达尔'],['男']
,
['阿涅斯・瓦尔达'],['女']
,
['徐瑾'],['女']
,
['关慧娜'],['女']
,
['孙敬季'],['男']
,
['释恒利'],['女']
,
['卢云飞'],['女']
,
['谷文泽'],['男']
,
['钟熠['],['女']
,
['何华超'],['男']
,
['陈婧'],['女']
,
['周铁'],['男']
,
['王德枫'],['男']
,
['张优'],['男']
,
['刘以嘉'],['男']
,
['袁国庆'],['男']
,
['陶慧'],['女']
,
['倪土'],['男']
,
['孔莹虹'],['女']
,
['易水'],['女']
,
['邹笨笨'],['男']
,
['支一'],['男']
,
['周子熙'],['女']
,
['孙强'],['男']
,
['尹航'],['女']
,
['于越'],['女']
,
['冷泉夜月'],['男']
,
['赵恒煊'],['男']
,
['王辰昊'],['男']
,
['让・热内'],['男']
,
['胡锰'],['女']
,
['窦文涛'],['男']
,
['洪亦平'],['男']
,
['杰瑞米・埃尔卡伊姆'],['男']
,
['吴鹤谦'],['男']
,
['杨玉梅'],['女']
,
['张达明'],['男']
,
['王梓轩'],['男']
,
['李梦'],['女']
,
['林跃'],['女']
,
['李明霖'],['男']
,
['陈艾森'],['女']
,
['马维希'],['女']
,
['杨雅荔'],['女']
,
['黄龄'],['女']
,
['黄立业'],['女']
,
['赵雪'],['女']
,
['高嵩'],['男']
,
['高寒'],['男']
,
['袁伶嫣'],['女']
,
['王晨'],['女']
,
['潘思羽'],['女']
,
['傅泓霖'],['男']
,
['王冬'],['男']
,
['夏菜'],['女']
,
['罗霖'],['女']
,
['李升远'],['女']
,
['绪方义博'],['男']
,
['威廉・达福'],['男']
,
['李一锋'],['男']
,
['洪冰瑶'],['女']
,
['戴燕妮'],['女']
,
['仁增卓玛'],['女']
,
['格日才旦'],['男']
,
['吴玺'],['女']
,
['黄轩'],['男']
,
['央金拉姆'],['女']
,
['张泸兮'],['女']
,
['孙之鸿'],['男']
,
['孙骁骁'],['女']
,
['王奎荣'],['男']
,
['邓捷'],['男']
,
['尹佳璇'],['女']
,
['白凡'],['男']
,
['李依伊'],['女']
,
['麻郡宜'],['女']
,
['颜北'],['男']
,
['王鑫尧'],['男']
,
['黄益龙'],['男']
,
['黄诗佳'],['女']
,
['吴荻'],['男']
,
['Dainius Gavenonis'],['女']
,
['Giedrius Savickas'],['女']
,
['王希'],['女']
,
['梁俊一'],['男']
,
['郑丁玮'],['女']
,
['左右'],['男']
,
['王东'],['男']
,
['李灿森'],['男']
,
['李雅男'],['男']
,
['姚明'],['男']
,
['黄薇'],['女']
,
['洪秀儿'],['女']
,
['朱桢'],['男']
,
['王安琪'],['女']
,
['赵雨菲'],['女']
,
['刘子豪'],['男']
,
['王珍晶'],['女']
,
['陈诺'],['男']
,
['程思寒'],['男']
,
['朱庭辰'],['女']
,
['田华'],['女']
,
['姚橹'],['男']
,
['刘宇'],['男']
,
['江若琳'],['女']
,
['贺军翔'],['男']
,
['曾浩宇'],['男']
,
['赵纪东'],['女']
,
['王广达'],['女']
,
['杨乐'],['女']
,
['亚孟乐'],['男']
,
['韦依'],['女']
,
['吴永淦'],['男']
,
['孙妞'],['女']
,
['张楚文'],['女']
,
['张本煜'],['男']
,
['吕凉'],['男']
,
['吕伏阳'],['女']
,
['沈佳妮'],['女']
,
['赵家林'],['男']
,
['张泽晨'],['男']
,
['周圣崴'],['男']
,
['赵子琪'],['女']
,
['罗t杰'],['男']
,
['冉易居'],['男']
,
['于'],['男']
,
['刘冬沁'],['男']
,
['黄灿灿'],['女']
,
['王迅'],['男']
,
['王可如'],['女']
,
['王雪沁'],['女']
,
['杨进'],['男']
,
['王子航'],['男']
,
['周庚禹'],['女']
,
['陈美行'],['女']
,
['李思睿'],['女']
,
['张昊男'],['男']
,
['曹娇'],['女']
,
['任学海'],['男']
,
['尹玲'],['女']
,
['卢海华'],['男']
,
['钱佩怡'],['女']
,
['房祖名'],['男']
,
['周斌'],['男']
,
['张倬闻'],['男']
,
['费伟妮'],['女']
,
['刘端端'],['男']
,
['吴昱瑶'],['女']
,
['杨炀'],['女']
,
['丁志诚'],['男']
,
['史蒂芬・坎贝尔・摩尔'],['男']
,
['萧传'],['男']
,
['孙瑜'],['女']
,
['吕晓霖'],['女']
,
['凯莉・麦克唐纳'],['女']
,
['何奉天'],['男']
,
['娜塔莉・阿琳・林德'],['女']
,
['鹏少'],['男']
,
['林圣一'],['男']
,
['屈菁菁'],['女']
,
['莎卡亚・瑞丝'],['女']
,
['法赫德'],['女']
,
['黄奕'],['女']
,
['石梁一骁'],['男']
,
['吴倩'],['女']
,
['侯岩松'],['男']
,
['李京旭'],['女']
,
['韩项远'],['男']
,
['李东海'],['男']
,
['吴春怡'],['女']
,
['李通'],['男']
,
['沈涛'],['男']
,
['李超'],['男']
,
['赵琦'],['男']
,
['黄品沅'],['男']
,
['薛斐'],['男']
,
['赵时'],['女']
,
['黄靖翔'],['男']
,
['刘泳希'],['女']
,
['田玉奎'],['男']
,
['姜棣珧'],['女']
,
['李玉峰'],['男']
,
['陈科羽'],['男']
,
['唐文欣'],['女']
,
['曾晨'],['女']
,
['段鹏程'],['女']
,
['田依凡'],['女']
,
['陈建华'],['男']
,
['李梦珂'],['女']
,
['何弘宇'],['女']
,
['于新博'],['男']
,
['李嘉伟'],['男']
,
['赵卫东'],['男']
,
['黑雯丽'],['女']
,
['邹东孝'],['男']
,
['王若涵'],['女']
,
['朱铁和'],['男']
,
['钟伟强'],['男']
,
['赵炳锐'],['男']
,
['周业余'],['男']
,
['闫妮'],['女']
,
['文松'],['男']
,
['刘小光'],['男']
,
['焦曼婷'],['女']
,
['仁增卓玛'],['女']
,
['龚子棋'],['男']
,
['尕藏仁青'],['男']
,
['袁硕'],['男']
,
['李华'],['男']
,
['陈天星'],['男']
,
['王昱珩'],['男']
,
['王宏宇'],['男']
,
['谢徽'],['男']
,
['梁文道'],['男']
,
['阿方索・伊尼戈・德伦'],['女']
,
['米科・劳伦特'],['女']
,
['苏・普拉多'],['女']
,
['阿诺德雷・耶斯'],['女']
,
['李宁'],['男']
,
['蒋林伶'],['女']
,
['傅晓'],['男']
,
['罗后杰'],['男']
,
['楼学贤'],['男']
,
['海波'],['男']
,
['田锋'],['男']
,
['赵圆瑗'],['女']
,
['益西兰周'],['男']
,
['霍志刚'],['男']
,
['马有贯'],['男']
,
['毕东林'],['男']
,
['卫永绍'],['男']
,
['张正'],['女']
,
['徐锦江'],['男']
,
['郭冬冬'],['男']
,
['韩山山'],['女']
,
['班玛加'],['男']
,
['魏小欢'],['女']
,
['王耀可'],['女']
,
['孙嘉琪'],['女']
,
['洪爽'],['女']
,
['佴一文'],['女']
,
['崔友斌'],['男']
,
['李世民'],['男']
,
['朱莉'],['女']
,
['王煜'],['男']
,
['王智钧'],['男']
,
['王真儿'],['女']
,
['李书晨'],['男']
,
['孙乐天'],['男']
,
['张珊珊'],['女']
,
['黄炫彰'],['女']
,
['何英伟'],['男']
,
['蔡宇'],['男']
,
['徐卫'],['男']
,
['钟小丹'],['女']
,
['扎克・埃夫隆'],['男']
,
['拉杰・阿晶'],['男']
,
['塞伊拉・沃西'],['女']
,
['托马斯・布罗迪-桑斯特'],['男']
,
['卡雅・斯考达里奥'],['女']
,
['迪伦・奥布莱恩'],['男']
,
['牛宝军'],['男']
,
['周浩东'],['男']
,
['凯文・德・保拉'],['女']
,
['盛一伦'],['男']
,
['郑湫泓'],['女']
,
['骆明'],['男']
,
['Chris Niosi'],['女']
,
['于心妍'],['女']
,
['Kristen Day'],['女']
,
['Cassandra Morris'],['女']
,
['查德维克・博斯曼'],['男']
,
['郭京飞'],['男']
,
['喻亢'],['男']
,
['杰克・布莱克'],['男']
,
['瑞恩・柯万腾'],['男']
,
['托比・凯贝尔'],['男']
,
['赵涛'],['女']
,
['孙泽源'],['男']
,
['基努・里维斯'],['男']
,
['彭昱畅'],['男']
,
['项婕如'],['女']
,
['蔡凡熙'],['男']
,
['张宥浩'],['男']
,
['宋威龙'],['男']
,
['秦语'],['女']
,
['田媛'],['女']
,
['时晓飞'],['男']
,
['黄景瑜'],['男']
,
['邓家佳'],['女']
,
['娄艺潇'],['女']
,
['袁弘'],['男']
,
['苏小明'],['女']
,
['田壮壮'],['男']
,
['里兹・阿迈德'],['男']
,
['罗伊・安德森'],['男']
,
['米歇尔・威廉姆斯'],['女']
,
['章宇'],['男']
,
['汤姆・哈迪'],['男']
,
['潘斌龙'],['男']
,
['任素汐'],['女']
,
['陈建斌'],['男']
,
['宁宗元达'],['女']
,
['苏尚卿'],['男']
,
['霍伟樟'],['男']
,
['张镇轩'],['男']
,
['莫伟健'],['男']
,
['鲁霖'],['男']
,
['伊莎贝拉・德鲁蒙德'],['女']
,
['徐记住'],['女']
,
['周洪年'],['男']
,
['杨俊'],['女']
,
['吴红军'],['女']
,
['郭东坡'],['男']
,
['Giacomo Baessato'],['男']
,
['查理・卡里克'],['男']
,
['李凯诗'],['女']
,
['卡米尔・苏利文'],['男']
,
['尼尔迈特'],['男']
,
['吴斌然'],['男']
,
['芭芭拉・蓝妮'],['女']
,
['艾伦・图代克'],['男']
,
['马克・斯特朗'],['男']
,
['卡门・艾乔戈'],['女']
,
['迈克尔・法斯宾德'],['男']
,
['刘小锋'],['男']
,
['王'],['男']
,
['姜皓文'],['男']
,
['佟瑞欣'],['男']
,
['王诗槐'],['男']
,
['范・迪塞尔'],['男']
,
['闫薇儿'],['女']
,
['刘小奇'],['男']
,
['市川染五郎'],['男']
,
['达芙妮・基恩'],['女']
,
['布兰顿・思怀兹'],['男']
,
['蔡少芬'],['女']
,
['牧口真幸'],['女']
,
['帕特里克・斯图尔特'],['男']
,
['莫文蔚'],['女']
,
['迭戈・卢纳'],['男']
,
['朱茵'],['女']
,
['菲丽希缇・琼斯'],['女']
,
['张雨绮'],['女']
,
['染谷将太'],['男']
,
['阿娜・瓦格纳'],['女']
,
['马里奥・卡萨斯'],['男']
,
['艾丽・拉特'],['女']
,
['伊恩・格雷'],['男']
,
['释彦能'],['男']
,
['贾琳'],['女']
,
['周斌'],['男']
,
['Ruoxue Wu'],['女']
,
['刘屹尘'],['男']
,
['Yijie Zhao'],['女']
,
['Ruochen Zhao'],['女']
,
['刘鉴'],['男']
,
['丁柳元'],['女']
,
['陶红'],['女']
,
['Amy Diamond'],['女']
,
['亨里克・诺伦'],['男']
,
['桑亚・玛荷塔'],['女']
,
['法缇玛・萨那・纱卡'],['女']
,
['马克西姆・梅米特'],['男']
,
['苗苗'],['女']
,
['沙克希・坦沃'],['女']
,
['杜源'],['男']
,
['郑伟'],['男']
,
['劳拉・哈德克'],['女']
,
['盖尔・加朵'],['女']
,
['安东尼・霍普金斯'],['男']
,
['乔什・杜哈明'],['男']
,
['克里斯・派恩'],['男']
,
['赵毅新'],['男']
,
['丹尼・休斯顿'],['男']
,
['娜仁花'],['女']
,
['李开复'],['男']
,
['胡丹丹'],['女']
,
['吴瑕'],['女']
,
['尤浩然'],['男']
,
['于月仙'],['女']
,
['王大宝'],['男']
,
['李腾飞'],['男']
,
['王轩'],['男']
,
['霄飞'],['男']
,
['刘超'],['男']
,
['李部'],['女']
,
['陈俊文'],['男']
,
['安妮卡・哈林'],['女']
,
['劳伦斯・菲什伯恩'],['男']
,
['麦克・辛'],['男']
,
['米歇尔・罗德里格兹'],['女']
,
['盖尔・加西亚・贝纳尔'],['男']
,
['曾梦雪'],['女']
,
['本杰明・布拉特'],['男']
,
['于文文'],['女']
,
['龚超'],['男']
,
['赵霁'],['女']
,
['迈克尔・特瑞威诺'],['男']
,
['张柏芝'],['女']
,
['克利斯汀・哈克'],['男']
,
['阿里耶・埃尔马莱'],['男']
,
['梅丽莎・德里罗'],['女']
,
['康俊龙'],['男']
,
['王'],['女']
,
['宋纪成'],['男']
,
['赵祖楠'],['男']
,
['张潮'],['男']
,
['周琳娜'],['女']
,
['康晋荣'],['男']
,
['安泽豪'],['男']
,
['温兆伦'],['男']
,
['连晋'],['男']
,
['玛丽莎・托梅'],['女']
,
['贾梅尔・杜布兹'],['男']
,
['迈克尔・基顿'],['男']
,
['汤姆・赫兰德'],['男']
,
['安东尼・冈萨雷斯'],['男']
,
['杰森・莫玛'],['男']
,
['本・阿弗莱克'],['男']
,
['张之琨'],['男']
,
['Leah Pinsent'],['男']
,
['克雷格・阿诺德'],['男']
,
['李北岳'],['男']
,
['白敬亭'],['男']
,
['肯尼斯・威尔什'],['男']
,
['陈月末'],['男']
,
['吕宇'],['男']
,
['高丽雯'],['女']
,
['潘阳'],['女']
,
['鲁诺'],['男']
,
['欧米・罗斯'],['男']
,
['程博'],['男']
,
['李红陶'],['男']
,
['王薇'],['女']
,
['丁宇辰'],['男']
,
['李岱昆'],['男']
,
['茱莉亚・斯通'],['女']
,
['杰米・福克斯'],['男']
,
['卡梅隆・迪亚兹'],['女']
,
['弗兰克・格里罗'],['男']
,
['菊池心'],['女']
,
['刘岩'],['男']
,
['多米尼克・库珀'],['男']
,
['杉山纪彰'],['男']
,
['崔维斯・费米尔'],['男']
,
['李萍'],['女']
,
['本・福斯特'],['男']
,
['宝拉・巴顿'],['女']
,
['山路和弘'],['男']
,
['冈村明美'],['女']
,
['田中真弓'],['女']
,
['张涵予'],['男']
,
['黛米・洛瓦托'],['女']
,
['曼迪・帕廷金'],['男']
,
['刘洋'],['女']
,
['谭耀文'],['男']
,
['三瓶由布子'],['女']
,
['艾瑞克・斯通斯崔特'],['男']
,
['路易・C・K'],['男']
,
['乔・曼根尼罗'],['男']
,
['Giovanni Ugo'],['女']
,
['Gilberto Antonelli'],['女']
,
['Massimo Sormani'],['女']
,
['李林芸'],['女']
,
['Surip Mawardi'],['女']
,
['许馨文'],['女']
,
['王政'],['男']
,
['Cornelis Gae'],['女']
,
['Thamar Beckx'],['女']
,
['王翊丹'],['女']
,
['张旭洲'],['男']
,
['Tuti Muchtar'],['女']
,
['果靖霖'],['男']
,
['郭晓峰'],['男']
,
['毛孩'],['男']
,
['刘名洋'],['男']
,
['郭鹏'],['男']
,
['孙锡'],['男']
,
['Xinyue Shen'],['女']
,
['高曙光'],['男']
,
['李承炫'],['男']
,
['Dongyu Zhang'],['女']
,
['赵毅维'],['男']
,
['徐海为'],['男']
,
['张炜迅'],['男']
,
['康恩赫'],['男']
,
['刘萌萌'],['女']
,
['吕一杰'],['男']
,
['宋颂'],['男']
,
['韩宝凛'],['女']
,
['褚楚'],['女']
,
['张鲁一'],['男']
,
['叶祖新'],['男']
,
['范雨林'],['男']
,
['马克斯・马蒂尼'],['男']
,
['余文乐'],['男']
,
['布丽・拉尔森'],['女']
,
['朱宝意'],['女']
,
['查侬・散顶腾古'],['男']
,
['克里斯・柯林斯'],['男']
,
['曾舜'],['男']
,
['约翰・古德曼'],['男']
,
['王俊凯'],['男']
,
['吉姆・斯特吉斯'],['男']
,
['鲍春来'],['男']
,
['尚雯婕'],['女']
,
['乔什・加德'],['男']
,
['齐志'],['男']
,
['耿乐'],['男']
,
['刘家良'],['男']
,
['杰拉德・巴特勒'],['男']
,
['披纳若・苏潘平佑'],['男']
,
['艾玛・沃特森'],['女']
,
['依莎亚・贺苏汪'],['女']
,
['卢克・伊万斯'],['男']
,
['茱蒂蒙・琼查容苏因'],['女']
,
['慕健森'],['男']
,
['姜帝同'],['女']
,
['姜帝丞'],['男']
,
['陈羽凡'],['男']
,
['崔华松'],['男']
,
['胡海泉'],['男']
,
['崔・帕克'],['男']
,
['米瑞・伊诺丝'],['女']
,
['王育臣'],['男']
,
['Martin Butz'],['女']
,
['Emma Jaay'],['女']
,
['Toby Jarman'],['女']
,
['Jesse Jarman'],['女']
,
['佩吉・利普顿'],['女']
,
['J・K・西蒙斯'],['男']
,
['艾玛・斯通'],['女']
,
['高华阳'],['男']
,
['长泽雅美'],['女']
,
['桥本环奈'],['女']
,
['约翰・传奇'],['男']
,
['金晨'],['女']
,
['大张伟'],['男']
,
['菅田将晖'],['男']
,
['哈里・斯泰尔斯'],['男']
,
['侯勇'],['男']
,
['杰克・劳登'],['男']
,
['Christer Christensen'],['男']
,
['汤姆・格林-卡尼'],['男']
,
['Gun Fors'],['男']
,
['史蒂夫・茨恩'],['男']
,
['加布里埃尔・查瓦里亚'],['男']
,
['安迪・瑟金斯'],['男']
,
['菲恩・怀特海德'],['男']
,
['瑞恩・高斯林'],['男']
,
['梁祖仪'],['女']
,
['傅筱'],['女']
,
['林思海'],['男']
,
['陈伟恩'],['男']
,
['李琦'],['男']
,
['安宇'],['女']
,
['张振华'],['男']
,
['龙月'],['女']
,
['松隆子'],['女']
,
['徐璐'],['女']
,
['佩德罗・帕斯卡'],['男']
,
['佐伊・索尔达娜'],['女']
,
['张天爱'],['女']
,
['郭金'],['女']
,
['李沁'],['女']
,
['高木木'],['女']
,
['王紫逸'],['男']
,
['李纯'],['女']
,
['真田广之'],['男']
,
['瑞安・雷诺兹'],['男']
,
['桂纶镁'],['女']
,
['杰克・吉伦哈尔'],['男']
,
['郎月婷'],['女']
,
['金世佳'],['男']
,
['罗伯特・古拉奇克'],['男']
,
['赵天宇'],['男']
,
['蒋梦婕'],['女']
,
['幽舞越山'],['女']
,
['入野自由'],['男']
,
['竹达彩奈'],['女']
,
['早见沙织'],['女']
,
['伊藤加奈惠'],['女']
,
['户松遥'],['女']
,
['松冈祯丞'],['男']
,
['楼云飞'],['男']
,
['张先兔'],['女']
,
['索努・苏德'],['男']
,
['休・格兰特'],['男']
,
['梁佩诗'],['女']
,
['刘涛'],['女']
,
['李凤云'],['女']
,
['安娜・德・阿玛斯'],['女']
,
['奚梦瑶'],['女']
,
['杰瑞德・莱托'],['男']
,
['李佳航'],['男']
,
['邵胜杰'],['男']
,
['孙黎'],['女']
,
['罗芸'],['女']
,
['霍卫民'],['男']
,
['哈里森・福特'],['男']
,
['克里夫・欧文'],['男']
,
['卡拉・迪瓦伊'],['女']
,
['罗晋'],['男']
,
['何玉珍'],['女']
,
['毛银梅'],['女']
,
['戴恩・德哈恩'],['男']
,
['李艾'],['女']
,
['高叶'],['女']
,
['安妮克・阿斯克渥德'],['女']
,
['迈克・泰森'],['男']
,
['赫子铭'],['男']
,
['吕星辰'],['女']
,
['白恩'],['男']
,
['悠木碧'],['女']
,
['安娜贝拉・弗朗西斯・沃丽丝'],['女']
,
['洛桑群培'],['男']
,
['洪金宝'],['男']
,
['陈籽熹'],['女']
,
['史可'],['女']
,
['周美君'],['女']
,
['文淇'],['女']
,
['夏侯云姗'],['女']
,
['欧阳娜娜'],['女']
,
['袁和平'],['男']
,
['彭雨菲'],['女']
,
['惠英红'],['女']
,
['高伟光'],['男']
,
['王晖'],['男']
,
['张云龙'],['男']
,
['张小斐'],['女']
,
['郭德纲'],['男']
,
['陈逸宁'],['女']
,
['刘诗诗'],['女']
,
['罗莎里奥・道森'],['女']
,
['钟欣潼'],['女']
,
['黎筱'],['女']
,
['梅婷'],['女']
,
['扎克・加利凡纳基斯'],['男']
,
['加里・奥德曼'],['男']
,
['克里斯汀・斯科特・托马斯'],['女']
,
['蔡国庆'],['男']
,
['范伟'],['男']
,
['成梓宁'],['女']
,
['张逸杰'],['男']
,
['瓦谢斯拉夫・拉贝戈耶夫'],['男']
,
['凯尔・钱德勒'],['男']
,
['卡西・阿弗莱克'],['男']
,
['色巴江措'],['女']
,
['张超'],['男']
,
['瑞茜・威瑟斯彭'],['女']
,
['王玉宁'],['男']
,
['高强'],['男']
,
['扎西达娃'],['男']
,
['戚薇'],['女']
,
['李芳淙'],['女']
,
['严屹宽'],['男']
,
['河智苑'],['女']
,
['祖峰'],['男']
,
['杨培'],['男']
,
['艾琳娜・拉尼娜'],['女']
,
['塞巴斯蒂安・斯萨克'],['男']
,
['埃米尔・赫斯基'],['男']
,
['马修・麦康纳'],['男']
,
['卢正雨'],['男']
,
['李连杰'],['男']
,
['马云'],['男']
,
['萨尔玛・海耶克'],['女']
,
['尼玛扎堆'],['男']
,
['赵汉唐'],['男']
,
['达哇桑周'],['女']
,
['索菲亚・波多拉'],['女']
,
['彦艳'],['女']
,
['盛冠森'],['男']
,
['孟魅'],['女']
,
['袁子'],['女']
,
['田雨'],['男']
,
['谭孝曾'],['男']
,
['杜镇杰'],['男']
,
['杨宸鉴'],['男']
,
['杨心仪'],['女']
,
['圣地亚哥・瑟甘拉'],['男']
,
['马修・莫迪恩'],['男']
,
['郭麒麟'],['男']
,
['克莱尔・霍尔特'],['女']
,
['张诚航'],['男']
,
['于谦'],['男']
,
['凯文・史派西'],['男']
,
['曼迪・摩尔'],['女']
,
['安塞尔・艾尔高特'],['男']
,
['卫诗雅'],['女']
,
['黄星~'],['男']
,
['王莎莎'],['女']
,
['刘楚恬'],['女']
,
['郑礼宇'],['女']
,
['蔡卓妍'],['女']
,
['王蓉蓉'],['女']
,
['张亚奇'],['女']
,
['余梦寒'],['女']
,
['苏妙玲'],['女']
,
['张申英'],['女']
,
['伍允龙'],['男']
,
['金丰'],['女']
,
['郑凯'],['男']
,
['邱意浓'],['女']
,
['安吉拉・嘉鲁皮'],['女']
,
['雎晓雯'],['女']
,
['陈西贝'],['女']
,
['墨阳'],['男']
,
['方皓玟'],['女']
,
['詹妮弗・康纳利'],['女']
,
['艾米・汉莫'],['男']
,
['迈克尔・斯图巴'],['男']
,
['杰瑞米・雷纳'],['男']
,
['皇贞季'],['男']
,
['陈飞宇'],['男']
,
['胡夏'],['男']
,
['艾米・亚当斯'],['女']
,
['王学圻'],['男']
,
['迈尔斯・特勒'],['男']
,
['余世学'],['男']
,
['博亚娜・诺瓦科维奇'],['女']
,
['中曾根梨乃'],['女']
,
['洪天明'],['男']
,
['Jack Chausse'],['女']
,
['卡莉・蕾・杰普森'],['女']
,
['佐佐木藏之介'],['男']
,
['林美秀'],['女']
,
['杨大鹏'],['男']
,
['薛之谦'],['男']
,
['小出惠介'],['男']
,
['刘俊昊'],['男']
,
['明道'],['男']
,
['黄立行'],['男']
,
['帕皮・福克纳'],['男']
,
['孟令军'],['女']
,
['克里斯托弗・L・帕森'],['男']
,
['锦荣'],['男']
,
['斯蒂芬・马布里'],['男']
,
['何冰'],['男']
,
['朱一龙'],['男']
,
['艾丽・范宁'],['女']
,
['罗伯特・雷德福'],['男']
,
['王耀庆'],['男']
,
['撒贝宁'],['男']
,
['卡兰・马尔韦'],['男']
,
['迈克尔・肯尼斯・威廉姆斯'],['男']
,
['蓝波'],['男']
,
['杰瑞米・艾恩斯'],['男']
,
['张浩'],['男']
,
['张锦程'],['男']
,
['拉尔夫・费因斯'],['男']
,
['查理兹・塞隆'],['女']
,
['阿特・帕金森'],['男']
,
['泽纳亚达・亚诺维斯基'],['女']
,
['徐小凤'],['女']
,
['贾乃亮'],['男']
,
['卜冠今'],['女']
,
['赵婷婷'],['女']
,
['黄宏'],['男']
,
['哈雷'],['女']
,
['张伟欣'],['女']
,
['韩寒'],['男']
,
['邓紫棋'],['女']
,
['爱德华・沃森'],['男']
,
['大卫・文翰'],['男']
,
['陈洁怡'],['女']
,
['马克・莫拉根'],['男']
,
['蒂娜・德赛'],['女']
,
['黑木明纱'],['女']
,
['季肖冰'],['男']
,
['余h'],['女']
,
['杨小兰'],['女']
,
['苏子芜'],['女']
,
['徐杰'],['女']
,
['阿德里安・布薛特'],['男']
,
['卢瑶'],['女']
,
['丁莹莹'],['女']
,
['聂晶磊'],['女']
,
['宋伟'],['男']
,
['刘俐儿'],['女']
,
['谢元真'],['女']
,
['苗青'],['女']
,
['施景子'],['女']
,
['琳娜・海蒂'],['女']
,
['黄又南'],['男']
,
['刘易斯・麦克杜格尔'],['男']
,
['王妍苏'],['女']
,
['季冠霖'],['女']
,
['芒来'],['女']
,
['袁泽宇'],['女']
,
['肖恩・宾'],['男']
,
['钟保罗'],['男']
,
['石磊'],['男']
,
['陈百强'],['男']
,
['西格妮・韦弗'],['女']
,
['大卫・拜德拉'],['男']
,
['高洙'],['男']
,
['奥莉薇娅・柯尔曼'],['女']
,
['朴海日'],['男']
,
['金允石'],['男']
,
['李秉宪'],['男']
,
['潘时七'],['女']
,
['费德里克・博内里'],['女']
,
['莎拉・莱姆'],['女']
,
['戴夫・帕特尔'],['男']
,
['范志博'],['女']
,
['曹云金'],['男']
,
['吕豆'],['女']
,
['刘佩琦'],['男']
,
['卢洋'],['女']
,
['李子峰'],['男']
,
['石海玉'],['女']
,
['尚铁龙'],['男']
,
['李洋'],['男']
,
['郑容和'],['男']
,
['马卉'],['女']
,
['俞晓晔'],['女']
,
['奥兰多・布鲁姆'],['男']
,
['葛优'],['男']
,
['秦沛'],['男']
,
['伊戈尔・别特连科'],['男']
,
['黄浩然'],['男']
,
['郭晓东'],['男']
,
['鲍起静'],['女']
,
['裴淳华'],['女']
,
['热依扎'],['女']
,
['胡杏儿'],['女']
,
['托妮・科莱特'],['女']
,
['尹大为'],['男']
,
['米娅・华希科沃斯卡'],['女']
,
['杨祖青'],['女']
,
['于博宁'],['男']
,
['约翰・马尔科维奇'],['男']
,
['甘于晓雪'],['女']
,
['陈嘉敏'],['女']
,
['姜星丘'],['男']
,
['格什菲・法拉哈尼'],['女']
,
['张晓龙'],['男']
,
['皮奥・马麦'],['男']
,
['柯震东'],['男']
,
['奥黛丽・塔图'],['女']
,
['徐佳琦'],['女']
,
['杨默'],['男']
,
['汤水雨'],['男']
,
['阿兰・夏巴'],['男']
,
['王自健'],['男']
,
['龙星凉'],['男']
,
['真野惠里菜'],['女']
,
['miwa'],['女']
,
['乔金・奈特奎斯特'],['男']
,
['斯维特拉纳・库德钦科娃'],['女']
,
['坂口健太郎'],['男']
,
['劳米・拉佩斯'],['女']
,
['洛桑念扎'],['男']
,
['多布杰'],['男']
,
['益西旦增'],['女']
,
['雷蒙'],['女']
,
['谢霆锋'],['男']
,
['西耶娜・米勒'],['女']
,
['罗伯特・帕丁森'],['男']
,
['艾米丽・梅德'],['女']
,
['韩昊轩'],['男']
,
['孙洪涛'],['男']
,
['赵顺然'],['男']
,
['RJ・赛勒'],['男']
,
['林路迪'],['男']
,
['娜奥米・斯科特'],['女']
,
['戴克・蒙哥马利'],['男']
,
['贝纳尼丝・玛尔洛'],['女']
,
['查丽蒂・维克菲尔德'],['女']
,
['泰格・格南德特'],['男']
,
['汪铎'],['男']
,
['高子沣'],['男']
,
['盖・皮尔斯'],['男']
,
['耿黎明'],['女']
,
['田小洁'],['男']
,
['马春瑞'],['女']
,
['JD・贝斯・希尔'],['男']
,
['乔治・麦克托'],['男']
,
['王虎城'],['男']
,
['刘园园'],['女']
,
['程愫'],['女']
,
['郭艳'],['女']
,
['闫飞龙'],['男']
,
['赵聪'],['女']
,
['王陈怡娴'],['女']
,
['米夏埃尔・赫尔比希'],['男']
,
['扬・约瑟夫・利费斯'],['男']
,
['蔡文悠'],['女']
,
['蔡文浩'],['女']
,
['王元也'],['男']
,
['马提亚斯・施维赫夫'],['男']
,
['尤宪超'],['男']
,
['蔡国强'],['男']
,
['高晓攀'],['男']
,
['李木子'],['女']
,
['孙茜'],['女']
,
['隋源'],['女']
,
['蒂尔・施威格'],['男']
,
['许飞'],['女']
,
['黄秋生'],['男']
,
['张正中'],['男']
,
['洪剑涛'],['男']
,
['张嘉倪'],['女']
,
['连奕名'],['男']
,
['戴夫・弗兰科'],['男']
,
['邢瑞'],['男']
,
['徐俊'],['男']
,
['凯特・波茨沃斯'],['女']
,
['艾玛・罗伯茨'],['女']
,
['李川'],['男']
,
['陈立谦'],['男']
,
['苏查拉・玛娜英'],['女']
,
['林枫松'],['男']
,
['恒励'],['女']
,
['潘延'],['女']
,
['尚冠武'],['男']
,
['付博文'],['男']
,
['黎灼灼'],['女']
,
['陈静'],['女']
,
['张可颐'],['女']
,
['陈佩斯'],['男']
,
['郭燕芸'],['女']
,
['张晨'],['男']
,
['孔维一'],['男']
,
['李微漪'],['女']
,
['阿斯特丽德・伯格斯-弗瑞斯贝'],['女']
,
['裘德・洛'],['男']
,
['艾瑞克・巴纳'],['男']
,
['北野武'],['男']
,
['迈克尔・皮特'],['男']
,
['玛丽昂・歌迪亚'],['女']
,
['皮鲁・埃斯贝克'],['男']
,
['斯嘉丽・约翰逊'],['女']
,
['伊丹纳'],['女']
,
['查理・汉纳姆'],['男']
,
['阿拉腾乌拉'],['男']
,
['王超北'],['男']
,
['武林璨'],['女']
,
['金胜宇'],['女']
,
['冯洋'],['男']
,
['陈昱含'],['女']
,
['鲍大志'],['男']
,
['周波'],['男']
,
['陈友旺'],['男']
,
['张雅萌'],['女']
,
['本尼迪特・王'],['男']
,
['杰西・艾森伯格'],['男']
,
['切瓦特・埃加福特'],['男']
,
['瑞秋・麦克亚当斯'],['女']
,
['许魏洲'],['男']
,
['林原惠美'],['女']
,
['上白石萌音'],['女']
,
['丹・福勒'],['男']
,
['蒋勤勤'],['女']
,
['冯小刚'],['男']
,
['杰森・贝特曼'],['男']
,
['简廷芮'],['女']
,
['李玉玺'],['男']
,
['拉珀特・格雷夫斯'],['男']
,
['胡然'],['女']
,
['马丁・弗瑞曼'],['男']
,
['尤娜・斯塔布斯'],['女']
,
['卡尔・厄本'],['男']
,
['伊娃・格林'],['女']
,
['朱迪・丹奇'],['女']
,
['王卿伟'],['男']
,
['阿沙・巴特菲尔德'],['男']
,
['李岷城'],['男']
,
['张瑶'],['女']
,
['扎克瑞・昆图'],['男']
,
['理查德・阿米蒂奇'],['男']
,
['瑞秋・豪斯'],['女']
,
['奥丽伊・卡瓦洛'],['女']
,
['克里斯・埃文斯'],['男']
,
['Tim Sitarz'],['男']
,
['莱昂纳多・迪卡普里奥'],['男']
,
['陈永忠'],['男']
,
['乔・阿尔文'],['男']
,
['克里斯汀・斯图尔特'],['女']
,
['克里斯・塔克'],['男']
,
['海伦娜・伯翰・卡特'],['女']
,
['刘博宇'],['男']
,
['侯祥玲'],['男']
,
['丁冠森'],['男']
,
['尼尔・塞西'],['男']
,
['桥本爱'],['女']
,
['阿部隆史'],['男']
,
['金妮弗・古德温'],['女']
,
['李宏毅'],['男']
,
['王子文'],['女']
,
['瑞恩・波特'],['男']
,
['斯科特・安第斯'],['男']
,
['阿莲娜・契诃娃'],['女']
,
['尼克・罗宾森'],['男']
,
['刘沛'],['男']
,
['列娃・安德烈瓦伊达'],['女']
,
['玛利亚・波兹哈娃'],['女']
,
['马特维・雷科夫'],['男']
,
['泰・辛普金斯'],['男']
,
['纪东歌'],['女']
,
['邹兆龙'],['男']
,
['马苏'],['女']
,
['岳松'],['男']
,
['孔艳菊'],['女']
,
['黎筱蒙'],['女']
,
['杨泽华'],['男']
,
['尼古拉・科斯特-瓦尔道'],['男']
,
['陈惠敏'],['男']
,
['斯蒂芬・阿梅尔'],['男']
,
['安娜・冈'],['女']
,
['屈峰'],['男']
,
['劳拉・琳妮'],['女']
,
['梅根・福克斯'],['女']
,
['汤姆・汉克斯'],['男']
,
['高晓松'],['男']
,
['吉姆・加菲根'],['男']
,
['吉吉'],['女']
,
['哐当'],['女']
,
['张欣'],['男']
,
['林子杰'],['男']
,
['永不停歇的蛋炒饭喷泉'],['男']
,
['塞多娜・莱格'],['女']
,
['A大调'],['女']
,
['布莱特・卡伦'],['男']
,
['奥斯卡・贾恩那达'],['男']
,
['约翰尼・诺克斯维尔'],['男']
,
['何花'],['女']
,
['岳丽娜'],['女']
,
['杨昆'],['女']
,
['于毅'],['男']
,
['张磊'],['男']
,
['布莱克・莱弗利'],['女']
,
['于小凌'],['女']
,
['曲F'],['男']
,
['王畅唱'],['女']
,
['赖艺'],['男']
,
['野村周平'],['男']
,
['林俊杰'],['男']
,
['里奥・比尔'],['男']
,
['吉田羊'],['女']
,
['有村架纯'],['女']
,
['杜淳'],['男']
,
['比尔・普尔曼'],['男']
,
['浅野忠信'],['男']
,
['朱丽娅・斯蒂尔斯'],['女']
,
['堀川亮'],['男']
,
['袁泉'],['女']
,
['兴o里美'],['女']
,
['A桥美纪'],['女']
,
['Jo Frost'],['女']
,
['藤原启治'],['男']
,
['矢岛晶子'],['女']
,
['鲁比・巴恩希尔'],['女']
,
['李准基'],['男']
,
['马克・里朗斯'],['男']
,
['葛晓凤'],['女']
,
['王大治'],['男']
,
['杰瑞德・哈里斯'],['男']
,
['菲奥纽拉・弗拉纳根'],['女']
,
['秦岚'],['女']
,
['布拉德・皮特'],['男']
,
['布莱丹・格里森'],['男']
,
['大卫・罗尔'],['男']
,
['艾伯特・布鲁克斯'],['男']
,
['徐帆'],['女']
,
['丽莎・汉尼根'],['女']
,
['周元'],['男']
,
['艾伦・德詹尼丝'],['女']
,
['钟汉良'],['男']
,
['林秋楠'],['男']
,
['会说话的汤姆猫'],['男']
,
['詹妮弗・加纳'],['女']
,
['中尾隆圣'],['男']
,
['野泽雅子'],['女']
,
['杰西・厄舍'],['男']
,
['杨青霖'],['女']
,
['白宇'],['男']
,
['拉姆亚・克里希南'],['女']
,
['罗比・阿美尔'],['男']
,
['大卫・贝利'],['男']
,
['丹尼・麦克布莱德'],['男']
,
['岑勇康'],['男']
,
['李截'],['男']
,
['宋佳伦'],['男']
,
['金珠'],['女']
,
['李金铭'],['女']
,
['吴千语'],['女']
,
['李敏镐'],['男']
,
['库尔特・拉塞尔'],['男']
,
['王鸥'],['女']
,
['亚历山大・斯卡斯加德'],['男']
,
['温心'],['女']
,
['吴志雄'],['男']
,
['吕云骢'],['男']
,
['叶一云'],['女']
,
['黄宥明'],['男']
,
['巩汉林'],['男']
,
['炎亚纶'],['男']
,
['黄幻'],['女']
,
['于小伟'],['男']
,
['余少群'],['男']
,
['凯蒂・克朗'],['女']
,
['朱丽莎'],['女']
,
['杰森・苏戴奇斯'],['男']
,
['张斯斯'],['女']
,
['袁国纲'],['男']
,
['陶虹'],['女']
,
['宋智孝'],['女']
,
['王诗龄'],['女']
,
['娜奥米・沃茨'],['女']
,
['李美琪'],['女']
,
['贾斯汀・朗'],['男']
,
['马修・格雷・古柏勒'],['男']
,
['奥拉维尔・达里・奥拉夫松'],['男']
,
['水谷优子'],['女']
,
['岛田敏'],['男']
,
['屋良有作'],['男']
,
['露丝・莱斯利'],['女']
,
['鳕子'],['女']
,
['伊莱贾・伍德'],['男']
,
['詹姆斯・罗素'],['男']
,
['黛安娜・哈卡索'],['女']
,
['鲁珀特・伊文斯'],['男']
,
['翟红玉'],['女']
,
['Mik'],['男']
,
['劳伦・科汉'],['女']
,
['余安安'],['女']
,
['李嘉明'],['男']
,
['陈友'],['男']
,
['王盛德'],['男']
,
['王阳明'],['男']
,
['布兰登・罗斯'],['男']
,
['刘蓓'],['女']
,
['李倩'],['女']
,
['皮查雅・瓦塔那蒙迪里'],['女']
,
['刘力源'],['女']
,
['梅艳芳'],['女']
,
['谢容儿'],['女']
,
['杨杏'],['女']
,
['本・温切尔'],['男']
,
['玛丽亚・贝罗'],['女']
,
['安迪・加西亚'],['男']
,
['肖彦博'],['男']
,
['田淼'],['女']
,
['赤羽根健治'],['男']
,
['柏安'],['女']
,
['石川界人'],['男']
,
['麦克・道尔'],['男']
,
['吴映洁'],['女']
,
['杰森・李'],['男']
,
['蒲巴甲'],['男']
,
['张冰倩'],['女']
,
['崔博涵'],['男']
,
['何润东'],['男']
,
['Hantanirina Rasamimanana'],['女']
,
['范智博'],['女']
,
['詹姆斯・贝吉・戴尔'],['男']
,
['达妮卡・亚罗什'],['女']
,
['阿尔迪斯・霍吉'],['男']
,
['王延龙'],['男']
,
['凯文・科斯特纳'],['男']
,
['蒂姆・麦克纳尼'],['男']
,
['于小婉'],['女']
,
['毕彦君'],['男']
,
['李嘉雯'],['女']
,
['钟佳琪'],['女']
,
['克里斯托弗・沃肯'],['男']
,
['Tanvir Singh'],['女']
,
['Navin Bajaj'],['女']
,
['Abhiroy Singh'],['男']
,
['李野'],['男']
,
['蒋欣奇'],['男']
,
['宋懿洁'],['女']
,
['阿米特巴・巴强'],['男']
,
['谢安晟'],['男']
,
['李仲鑫'],['男']
,
['黄健'],['男']
,
['科林・法瑞尔'],['男']
,
['谢添天'],['男']
,
['冯骏骅'],['女']
,
['杨鸥'],['女']
,
['尤赖亚・谢尔顿'],['男']
,
['胡严彦'],['女']
,
['范晓萱'],['女']
,
['林德信'],['男']
,
['九孔'],['男']
,
['范'],['女']
,
['马丁'],['女']
,
['孙宁'],['女']
,
['夏梓桐'],['女']
,
['巫刚'],['男']
,
['夏洛特・勒・邦'],['女']
,
['Charlie de Melo'],['女']
,
['本・金斯利'],['男']
,
['约瑟夫・高登-莱维特'],['男']
,
['李蓓蕾'],['女']
,
['丹尼斯・海斯伯特'],['男']
,
['胡歌'],['男']
,
['郭柯彤'],['女']
,
['米歇尔・道克瑞'],['女']
,
['丹特・巴斯克'],['男']
,
['秦雪'],['女']
,
['杨珑'],['男']
,
['郭子溪'],['女']
,
['陈欢'],['男']
,
['洪辰'],['女']
,
['妮基・韦兰'],['女']
,
['布丽姬・穆娜'],['女']
,
['达科塔・高尤'],['男']
,
['高兰・维斯耶克'],['男']
,
['钱治国'],['男']
,
['高鹏'],['男']
,
['法拉・艾哈迈德'],['女']
,
['舒广袖'],['女']
,
['马诺'],['女']
,
['袁家欢'],['女']
,
['王昌'],['男']
,
['詹姆斯・布洛林'],['男']
,
['叶童'],['女']
,
['赵洪纪'],['男']
,
['徐立'],['女']
,
['朱丽叶・比诺什'],['女']
,
['谢波'],['男']
,
['李呈媛'],['女']
,
['小小彬'],['男']
,
['程媛媛'],['女']
,
['潘春春'],['女']
,
['檀健次'],['男']
,
['赵泳鑫'],['男']
,
['罗德里戈・桑托罗'],['男']
,
['江南'],['男']
,
['安东尼奥・班德拉斯'],['男']
,
['项昌群'],['女']
,
['苗侨伟'],['男']
,
['Xiangtai Sun'],['女']
,
['葛布'],['女']
,
['Songpu Yang'],['女']
,
['杨凯迪'],['女']
,
['娄淇'],['男']
,
['刘钇彤'],['女']
,
['杰米・坎贝尔・鲍尔'],['男']
,
['乔蕾・科斯'],['女']
,
['刘前程'],['男']
,
['金泊含'],['女']
,
['约翰・赫特'],['男']
,
['张英席'],['男']
,
['玛瑞沃拉・嘉沃斯卡'],['女']
,
['查德・迈克尔・墨瑞'],['男']
,
['Patricia Wright'],['女']
,
['谷放冰'],['女']
,
['斯科特・阿金斯'],['男']
,
['任志宏'],['男']
,
['于利'],['男']
,
['朱永棠'],['男']
,
['孙磊'],['男']
,
['艾拉・菲舍尔'],['女']
,
['卡西・汤普森'],['女']
,
['杰夫・高布伦'],['男']
,
['谢尔盖・科姆珀'],['男']
,
['孙小妞'],['女']
,
['王宏伟'],['男']
,
['康妮・布里登'],['女']
,
['托弗・戈瑞斯'],['男']
,
['廖昌永'],['男']
,
['李思函'],['女']
,
['丁一'],['男']
,
['Zihan Cheng'],['女']
,
['Xiru Wang'],['女']
,
['朴灿烈'],['男']
,
['徐珠贤'],['女']
,
['蒋君燕'],['女']
,
['李琳'],['女']
,
['姚安濂'],['男']
,
['张志宏'],['男']
,
['郜耀平'],['女']
,
['陆揆'],['男']
,
['苏倩云'],['女']
,
['朱蓉蓉'],['女']
,
['苏俣'],['女']
,
['阿耶莱特・祖里尔'],['女']
,
['孙建宏'],['男']
,
['杰克・休斯顿'],['男']
,
['班嘉佳'],['女']
,
['孟泉霖'],['男']
,
['张玉龙'],['男']
,
['于波'],['男']
,
['郭伟华'],['男']
,
['申彩怡'],['女']
,
['许奕'],['女']
,
['关'],['女']
,
['高腾'],['男']
,
['肥龙'],['男']
,
['乘瑶'],['女']
,
['马晓伟'],['男']
,
['辛芷蕾'],['女']
,
['大汪'],['男']
,
['邬立朋'],['男']
,
['朱博'],['女']
,
['邓小婷'],['女']
,
['金刚'],['男']
,
['弗拉基米尔・马什科夫'],['男']
,
['白文显'],['男']
,
['凯特・贝金赛尔'],['女']
,
['阿格尼・格鲁迪特'],['女']
,
['何映桥'],['男']
,
['王巍'],['男']
,
['孙亚军'],['男']
,
['特瑞・吉列姆'],['男']
,
['宋佳洋'],['男']
,
['安以轩'],['女']
,
['安宰贤'],['男']
,
['王燕妮'],['女']
,
['祝延平'],['男']
,
['伊莉萨・泰勒-科特尔'],['女']
,
['韩彩英'],['女']
,
['汪英吉'],['女']
,
['刘益兵'],['女']
,
['刘林'],['男']
,
['洪倩'],['女']
,
['石林'],['女']
,
['李昕芸'],['女']
,
['梁鑫'],['女']
,
['陈希郡'],['男']
,
['鞠月斌'],['男']
,
['四宝宝'],['男']
,
['戴鑫龙'],['男']
,
['于霖'],['女']
,
['魏积安'],['男']
,
['赖虹宇'],['男']
,
['彭炽权'],['男']
,
['蒋文端'],['女']
,
['徐子鹿'],['女']
,
['王馨彤'],['女']
,
['卢惠光'],['男']
,
['钱小豪'],['男']
,
['刘羽琦'],['女']
,
['藤井美菜'],['女']
,
['黑戈'],['男']
,
['郭芮溪'],['女']
,
['闵庆珍'],['男']
,
['龙政璇'],['女']
,
['刘振安'],['男']
,
['杜亮'],['男']
,
['游学修'],['男']
,
['苏丽珊'],['女']
,
['陈冠希'],['男']
,
['林海峰'],['男']
,
['候梦琪'],['女']
,
['贝拉・索恩'],['女']
,
['肖轶'],['男']
,
['王震森'],['男']
,
['王晴'],['女']
,
['黄白露'],['女']
,
['王小毅'],['男']
,
['尹汝贞'],['女']
,
['全茂松'],['男']
,
['尹启相'],['男']
,
['叶梓萱'],['女']
,
['梅年佳'],['男']
,
['杨一方'],['女']
,
['何向东'],['男']
,
['高其昌'],['男']
,
['张益群'],['男']
,
['张喜来'],['男']
,
['奥黛丽・拉米'],['女']
,
['凡妮莎・吉德'],['女']
,
['让-保罗・卢弗'],['男']
,
['维克多・维尔比斯基'],['男']
,
['刘浩龙'],['男']
,
['许志安'],['男']
,
['崔宝印'],['男']
,
['宋祖儿'],['女']
,
['释小龙'],['男']
,
['王韦智'],['男']
,
['马小媛'],['女']
,
['张博楠'],['男']
,
['梅洋'],['男']
,
['陈良'],['男']
,
['陶思源'],['男']
,
['孙晨'],['男']
,
['丁绮'],['女']
,
['杨济妤'],['女']
,
['卡斯帕・威尔伯格'],['男']
,
['周志强'],['男']
,
['吴静一'],['女']
,
['伊尔卡・贝桑'],['男']
,
['刘一辰'],['男']
,
['迪特・哈勒沃登'],['男']
,
['秦立洋'],['男']
,
['刘潮'],['男']
,
['克里斯蒂安・乌克斯库拉'],['男']
,
['麦肯・施密特'],['女']
,
['马科・莱特'],['男']
,
['郑秀妍'],['女']
,
['宋撼寰'],['男']
,
['苏菲'],['女']
,
['周骏'],['男']
,
['胡影怡'],['女']
,
['梁林琳'],['女']
,
['维奥莱塔・吉特孟斯塔雅'],['女']
,
['瓦蒂姆・提萨拉提'],['男']
,
['张子贤'],['男']
,
['张雪迎'],['女']
,
['徐岑子'],['女']
,
['吕小品'],['男']
,
['塔彭丝・米德尔顿'],['女']
,
['冯德伦'],['男']
,
['商宏'],['女']
,
['詹妮弗・艾莉'],['女']
,
['吕红旭'],['女']
,
['童鑫'],['女']
,
['王驾麟'],['男']
,
['杨奇鸣'],['男']
,
['汪东城'],['男']
,
['韩雨洁'],['女']
,
['陈威旭'],['男']
,
['格温・斯蒂芬妮'],['女']
,
['卢本娟'],['女']
,
['何浩文'],['男']
,
['毛兴鸿'],['男']
,
['安娜・肯德里克'],['女']
,
['肖明'],['男']
,
['魏星'],['女']
,
['周浩晖'],['男']
,
['夏望'],['男']
,
['佟悦'],['男']
,
['文梅森'],['男']
,
['金荷娜'],['女']
,
['刘松仁'],['男']
,
['高增志'],['男']
,
['朱圣t'],['女']
,
['荣益'],['女']
,
['张峰'],['女']
,
['魏鹏'],['男']
,
['周荣盛'],['男']
,
['陶海'],['男']
,
['陶慧敏'],['女']
,
['李雪健'],['男']
,
['高名扬'],['男']
,
['牟雨晨'],['女']
,
['阿飞'],['男']
,
['夏倚轩'],['女']
,
['朱可可'],['女']
,
['刘雅瑟'],['女']
,
['阿丽斯・塔格里奥妮'],['女']
,
['乔伊・斯塔尔'],['男']
,
['陈家乐'],['男']
,
['李峥'],['女']
,
['李奔'],['男']
,
['王永光'],['男']
,
['彭宇'],['男']
,
['刘宇E'],['女']
,
['钟萱'],['女']
,
['王晓庆'],['女']
,
['黄子耀'],['男']
,
['张鼎'],['女']
,
['阎维文'],['男']
,
['明莉'],['女']
,
['伊马诺尔・佩尔塞'],['男']
,
['曹斐然'],['女']
,
['热拉尔・朗万'],['男']
,
['刘芊辰'],['女']
,
['程也晴'],['女']
,
['韦尼亚明・斯梅霍夫'],['男']
,
['姜毅'],['男']
,
['颜景瑶'],['女']
,
['程爽'],['女']
,
['婉儿'],['女']
,
['王予抒'],['女']
,
['严若君'],['女']
,
['王玲玉'],['女']
,
['华斯比'],['男']
,
['董向荣'],['男']
,
['李添诺'],['男']
,
['李玉飞'],['男']
,
['卢倩文'],['女']
,
['斯戴芬妮・斯考特'],['女']
,
['安娜・弗莱尔'],['女']
,
['迈克尔・恩奎斯特'],['男']
,
['余洋'],['男']
,
['李星'],['女']
,
['金正浩'],['男']
,
['小沈龙'],['男']
,
['韩飞'],['男']
,
['邹德江'],['男']
,
['王景晨'],['男']
,
['黄霆'],['男']
,
['巩金国'],['男']
,
['信'],['男']
,
['覃炜'],['女']
,
['沈驰'],['男']
,
['唐宸禹'],['男']
,
['任亚明'],['女']
,
['基特・哈灵顿'],['男']
,
['宇文秋实'],['男']
,
['张轩t'],['男']
,
['王一'],['男']
,
['邓伦'],['男']
,
['彼得・弗斯'],['男']
,
['沈念慈'],['男']
,
['李尚翼'],['男']
,
['王亚林'],['女']
,
['乔纳斯・霍夫・奥夫特布洛'],['男']
,
['艾丽・哈尔博'],['女']
,
['安妮・达尔・托普'],['女']
,
['克里斯托弗・琼勒'],['男']
,
['林乐乐'],['女']
,
['卡琳・布里克森'],['女']
,
['刘雯'],['女']
,
['冯兵'],['男']
,
['赵育莹'],['女']
,
['宋怀桂'],['女']
,
['应采儿'],['女']
,
['李昌熙'],['男']
,
['刘晋钊'],['男']
,
['李若词'],['女']
,
['沈浩'],['男']
,
['白歆惠'],['女']
,
['钱枫'],['男']
,
['裴晟v'],['男']
,
['萧敬腾'],['男']
,
['楼南光'],['男']
,
['田馥甄'],['女']
,
['张惠妹'],['女']
,
['李斯丹妮'],['女']
,
['叶豪'],['男']
,
['张艺宣'],['女']
,
['黄子韬'],['男']
,
['俞潇春'],['男']
,
['杰西卡・阿尔芭'],['女']
,
['丹尼斯・吴'],['男']
,
['沈璐'],['女']
,
['唐婧'],['女']
,
['朴河宣'],['女']
,
['石兆琪'],['男']
,
['李若嘉'],['女']
,
['张亚光'],['男']
,
['邵峰'],['男']
,
['傅逸聪'],['男']
,
['马驰'],['男']
,
['珊・布鲁克'],['女']
,
['鹿凌桀'],['男']
,
['杜玉明'],['男']
,
['维妮'],['女']
,
['吴佳怡'],['女']
,
['凯利・蕾莉'],['女']
,
['徐克'],['男']
,
['安东尼・麦凯'],['男']
,
['范俊涵'],['男']
,
['王小山'],['男']
,
['许媛媛'],['女']
,
['张美琪'],['女']
,
['王劲松'],['男']
,
['保罗・沃克'],['男']
,
['柳明明'],['男']
,
['王瑞昌'],['男']
,
['叶京'],['男']
,
['刘浩骏龙'],['男']
,
['吴优'],['男']
,
['刘汉强'],['男']
,
['江明洋'],['男']
,
['谢宁'],['男']
,
['杨了'],['女']
,
['陈之辉'],['男']
,
['陈炳强'],['男']
,
['孟子叶'],['女']
,
['孙玮伦'],['男']
,
['冯芷墨'],['女']
,
['刘一阳'],['男']
,
['于杪鑫'],['男']
,
['李佳璇'],['女']
,
['李一宁'],['男']
,
['范翔'],['男']
,
['李恒建'],['男']
,
['孙渤洋'],['男']
,
['白国伟'],['男']
,
['王柠'],['女']
,
['周弋楠'],['女']
,
['周征波'],['男']
,
['付'],['男']
,
['陈博'],['男']
,
['葛张君'],['男']
,
['赵崔玮'],['女']
,
['朴珊'],['女']
,
['陈乔希'],['女']
,
['凯特琳・克玛'],['女']
,
['曲哲明'],['男']
,
['杨千里'],['女']
,
['帕拉巴斯'],['男']
,
['贺睿'],['男']
,
['高晓菲'],['女']
,
['潘长江'],['男']
,
['车金鑫'],['女']
,
['马子淇'],['女']
,
['孙松'],['男']
,
['黄志忠'],['男']
,
['王勇迪'],['男']
,
['王瑾'],['女']
,
['桑伟淋'],['男']
,
['罗天池'],['男']
,
['高冬雨'],['女']
,
['顾冠忠'],['男']
,
['邵美琪'],['女']
,
['盛石头'],['男']
,
['赵文u'],['男']
,
['方小熙'],['女']
,
['崔碧珈'],['女']
,
['刘奕'],['男']
,
['赵箩筐'],['女']
,
['节冰'],['男']
,
['何佩瑜'],['女']
,
['张翊峰'],['男']
,
['强巴才丹'],['男']
,
['石强'],['男']
,
['蔡淑臻'],['女']
,
['周吟'],['女']
,
['金亮'],['男']
,
['郑欣宜'],['女']
,
['万仓'],['男']
,
['何泓姗'],['女']
,
['葛荟婕'],['女']
,
['秦晓飞'],['男']
,
['彭皓锋'],['男']
,
['张天阳'],['男']
,
['董立范'],['女']
,
['岑丽香'],['女']
,
['鲍振江'],['男']
,
['大卫・多尔夫曼'],['男']
,
['纳瓦・君拉纳拉'],['男']
,
['顶妍'],['女']
,
['贾漪娜'],['女']
,
['吴谨西'],['女']
,
['顾璇'],['女']
,
['魏子昕'],['男']
,
['邓紫飞'],['男']
,
['宝儿'],['女']
,
['彭紫烊'],['女']
,
['徐荷媛'],['女']
,
['陈炫羽'],['女']
,
['王浩宇'],['男']
,
['洪波'],['男']
,
['陈宇星'],['男']
,
['郑惠馨'],['女']
,
['夏星翎'],['女']
,
['高川'],['男']
,
['马巨星'],['女']
,
['郭天杰'],['男']
,
['韦再忠'],['男']
,
['安泳畅'],['女']
,
['马可'],['男']
,
['娜塔莎・亨斯屈奇'],['女']
,
['康飞'],['男']
,
['许绍雄'],['男']
,
['姜艺声'],['男']
,
['史国慧'],['女']
,
['郭东文'],['男']
,
['朱子奇'],['男']
,
['高亚麟'],['男']
,
['谭博文'],['男']
,
['孔连顺'],['男']
,
['陈烨林'],['男']
,
['刘良峰'],['男']
,
['张萌'],['男']
,
['舒耀u'],['男']
,
['姜怡伊'],['女']
,
['全智贤'],['女']
,
['屠夏岩'],['男']
,
['卢蒽洁'],['女']
,
['陈伟栋'],['男']
,
['郑旭东'],['男']
,
['西塞儿・拉斯姆森'],['女']
,
['杨帆'],['男']
,
['赵楠'],['女']
,
['赵希瑞'],['女']
,
['加藤鹰'],['男']
,
['徐冰'],['男']
,
['宫海滨'],['男']
,
['王兴元'],['男']
,
['敖小艺'],['女']
,
['张也'],['男']
,
['颜敬杰'],['男']
,
['尚如梦'],['女']
,
['姚婷婷'],['女']
,
['王鹤润'],['女']
,
['陈廷嘉'],['女']
,
['莫少聪'],['男']
,
['徐丁'],['男']
,
['殷寒雪'],['女']
,
['邵琨'],['女']
,
['张凯源'],['男']
,
['姜萌轩'],['女']
,
['李洛伊'],['女']
,
['刘冉冉'],['女']
,
['齐超'],['男']
,
['钟紫心'],['女']
,
['李然'],['男']
,
['柏程俊'],['男']
,
['张驰'],['男']
,
['三浦透子'],['女']
,
['卜钰'],['男']
,
['根岸季衣'],['女']
,
['姜彦希'],['女']
,
['刘天蔚'],['女']
,
['藤本泉'],['女']
,
['杨竣羽'],['男']
,
['孙小孟'],['男']
,
['章绍伟'],['男']
,
['康亦涵'],['女']
,
['周攀'],['女']
,
['徐悦'],['女']
,
['昆仑'],['女']
,
['马德华'],['男']
,
['郑爽'],['女']
,
['金多顺'],['女']
,
['金桢勋'],['男']
,
['蒋重秀'],['女']
,
['蒋云芳'],['女']
,
['蒋云霞'],['女']
,
['蒋云洁'],['女']
,
['David Flannery'],['男']
,
['Alan C. Peterson'],['男']
,
['Michael Eisner'],['女']
,
['戚九洲'],['男']
,
['陈文倩'],['女']
,
['曹子辰'],['男']
,
['李左飞'],['女']
,
['魏莲峰'],['女']
,
['侯天悦'],['男']
,
['达菲'],['男']
,
['詹俊林'],['男']
,
['孔维'],['女']
,
['李抒航'],['男']
,
['刘青'],['女']
,
['戴江'],['女']
,
['白那日苏'],['男']
,
['杨恭如'],['女']
,
['孙桂田'],['女']
,
['陈婷'],['女']
,
['姜超'],['男']
,
['苏婷'],['女']
,
['贺刚'],['男']
,
['高天'],['男']
,
['王楚'],['女']
,
['萧蔷'],['女']
,
['丁丁'],['男']
,
['韦礼安'],['男']
,
['陈虎'],['男']
,
['陶'],['男']
,
['李思娴'],['女']
,
['马世芳'],['男']
,
['徐子璐'],['女']
,
['唐昕'],['女']
,
['苏越越'],['女']
,
['施野'],['女']
,
['孟瑶'],['女']
,
['房鹿'],['女']
,
['王鹏'],['男']
,
['毛川'],['男']
,
['宁楠'],['女']
,
['艾德里安・格尼尔'],['男']
,
['李宜坤'],['女']
,
['克里斯托弗・米洛尼'],['男']
,
['董子武'],['男']
,
['熊欣'],['女']
,
['徐开骋'],['男']
,
['晨媛儿'],['女']
,
['蔡俊涛'],['男']
,
['幺依田'],['女']
,
['霸易'],['男']
,
['胡玺龙'],['男']
,
['杨睿熹'],['女']
,
['王晓笛'],['女']
,
['刘品言'],['女']
,
['翁家明'],['男']
,
['翟凯泰'],['男']
,
['顾权'],['男']
,
['夏美酱'],['女']
,
['刘佳兰'],['女']
,
['石昊正'],['男']
,
['姚阔'],['女']
,
['胡宗元'],['女']
,
['徐爽'],['女']
,
['荆民强'],['男']
,
['衣云鹤'],['男']
,
['佐生有语'],['男']
,
['冯粒'],['男']
,
['小玉'],['女']
,
['明婧'],['女']
,
['曾伏虎'],['男']
,
['苏拉文雅'],['女']
,
['陆钧彦'],['男']
,
['郭涛'],['男']
,
['罗忠国'],['女']
,
['张恩宁'],['男']
,
['向再佑'],['男']
,
['杜宁林'],['女']
,
['夏花'],['女']
,
['李智'],['男']
,
['李东赫'],['男']
,
['张红蕾'],['女']
,
['杨润坤'],['男']
,
['陈玉勇'],['男']
,
['韩在石'],['男']
,
['孟飞'],['男']
,
['曹帅'],['男']
,
['陈灿'],['男']
,
['杨彤'],['男']
,
['荣梓希'],['女']
,
['丁野'],['男']
,
['陈楚月'],['女']
,
['亮子'],['男']
,
['崔楠'],['女']
,
['杨皓宇'],['男']
,
['钟黎黎'],['女']
,
['田甜'],['女']
,
['瓜尔佳泽'],['男']
,
['Han Yu Song'],['女']
,
['侯晴子梓'],['女']
,
['万弘杰'],['男']
,
['姜星呈'],['女']
,
['郑晓宁'],['男']
,
['高宇'],['男']
,
['刘冠麟'],['男']
,
['饶威'],['男']
,
['董慧'],['女']
,
['冯静'],['女']
,
['黄薇'],['女']
,
['华子'],['男']
,
['计春华'],['男']
,
['王志刚'],['男']
,
['杨丰宇'],['男']
,
['赵子娟'],['女']
,
['安羽熙'],['女']
,
['张建海'],['男']
,
['吴琴'],['女']
,
['郑馨在'],['女']
,
['叶良辰'],['男']
,
['刘思博'],['男']
,
['陈冠良'],['男']
,
['海铃'],['女']
,
['张琦'],['男']
,
['王佳琦'],['女']
,
['陈希'],['女']
,
['谷悦宁'],['女']
,
['许伟帆'],['女']
,
['厉槟源'],['男']
,
['沈韵菲'],['女']
,
['付柔美琦'],['女']
,
['冯凯韵'],['女']
,
['塔林夫'],['男']
,
['矢神久美'],['女']
,
['博尔吉特'],['男']
,
['孙小敏'],['女']
,
['蓝正龙'],['男']
,
['博弘'],['女']
,
['董含露'],['女']
,
['李蔓依'],['女']
,
['姜文杰'],['男']
,
['王博'],['男']
,
['姜至奂'],['男']
,
['王智'],['女']
,
['武艺'],['男']
,
['刘杰'],['女']
,
['朱汇林'],['男']
,
['屈浩明'],['男']
,
['左一阳'],['男']
,
['努尔比耶'],['男']
,
['李大鹏'],['女']
,
['赵汉军'],['男']
,
['努尔比娅'],['女']
,
['李昕芮'],['女']
,
['余来'],['男']
,
['何仲海'],['男']
,
['杨晓彤'],['女']
,
['陈丽玲'],['女']
,
['史磊'],['男']
,
['陈昊明'],['女']
,
['张稷轩'],['男']
,
['沈圣泷'],['男']
,
['刘永健'],['男']
,
['徐熙遥'],['女']
,
['萧浩冉'],['男']
,
['Aysel Gürel'],['女']
,
['Alma Sahbaz'],['女']
,
['Norman Mikeal Berketa'],['男']
,
['维姬・皮娜'],['男']
,
['玛尔塔・贝伦格尔'],['女']
,
['赵芮菡'],['女']
,
['高成龙'],['男']
,
['曾俊雄'],['女']
,
['张晓旭'],['女']
,
['彭程'],['女']
,
['练星'],['女']
,
['胡安霍・普伊科维'],['男']
,
['王玺涵'],['女']
,
['郑佳绮'],['男']
,
['赵希'],['女']
,
['恩里克・阿尔切'],['男']
,
['蒲星宇'],['女']
,
['宁小花'],['男']
,
['马大明'],['男']
,
['林琪'],['女']
,
['赵彬'],['男']
,
['马文惠'],['女']
,
['李柄辉'],['男']
,
['吉尔 德勒兹'],['男']
,
['雅克・朗西埃'],['男']
,
['郑晓甫'],['男']
,
['莫小棋'],['女']
,
['刘屹宸'],['男']
,
['李会'],['男']
,
['欧米德'],['男']
,
['陈一诺'],['女']
,
['叶锐洪'],['男']
,
['张兴超'],['男']
,
['杨可'],['女']
,
['周嘉亨'],['男']
,
['赵芙丽'],['女']
,
['马子晶'],['女']
,
['陈姗姗'],['男']
,
['陶冰蓝'],['女']
,
['于又川'],['男']
,
['陈荣达'],['男']
,
['胡潇灵'],['男']
,
['张哲人'],['男']
,
['雅丽・乔维尔'],['女']
,
['托玛斯・博・拉森'],['男']
,
['索伦・莫灵'],['男']
,
['王程'],['男']
,
['颜玮良'],['男']
,
['董博睿'],['男']
,
['张雅玫'],['女']
,
['叶逢春'],['男']
,
['狄威'],['男']
,
['刘永'],['男']
,
['程妮'],['女']
,
['陈观泰'],['男']
,
['冯瑞睿'],['女']
,
['皮特・泼拉格伯格'],['男']
,
['李萌萌'],['女']
,
['孙看'],['男']
,
['朱赤丹'],['女']
,
['贾玲'],['女']
,
['刘惠'],['男']
,
['谭宫柔真'],['女']
,
['谷裕'],['女']
,
['杜志国'],['男']
,
['孔祥成'],['女']
,
['王敬腾'],['女']
,
['袁冬冬'],['女']
,
['喜莲娜'],['女']
,
['陈震'],['男']
,
['陈云鹏'],['女']
,
['江敏'],['女']
,
['周清垠'],['女']
,
['尼格买提・热合曼'],['男']
,
['朱军'],['男']
,
['朱迅'],['女']
,
['周卓'],['男']
,
['李嘉铭'],['男']
,
['靳美玲'],['女']
,
['廖语辰'],['女']
,
['翟天卉'],['女']
,
['克里斯蒂安・乌蒙'],['男']
,
['Fanny Risberg'],['女']
,
['大卫・丹席克'],['男']
,
['萨巴・穆巴拉克'],['女']
,
['王雯雯'],['女']
,
['王浩'],['男']
,
['艾玛・戈尔宾斯基'],['女']
,
['尼基・维弗'],['女']
,
['扎恩・迈克拉农'],['男']
,
['加布里埃尔・罗斯'],['女']
,
['肯德尔・克洛斯'],['女']
,
['李长江'],['男']
,
['乌尔里奇・汤姆森'],['男']
,
['闫露'],['女']
,
['Marina Stephenson Kerr'],['女']
,
['克里斯汀・哈格'],['女']
,
['凯文・波拉克'],['男']
,
['埃米丽・汉普希尔'],['女']
,
['乔伊・金'],['女']
,
['郭丰周'],['男']
,
['罗斯・麦克科尔'],['男']
,
['梁丹妮'],['女']
,
['朱美璇'],['女']
,
['李燕'],['女']
,
['Alton Demore'],['女']
,
['刘浩闻'],['男']
,
['Mike Bash'],['女']
,
['Xiwen Miao'],['女']
,
['Tingsheng Wang'],['女']
,
['张松枝'],['男']
,
['印子月'],['女']
,
['汪小溪'],['男']
,
['牟铭'],['男']
,
['程小挑'],['男']
,
['洪乙心'],['女']
,
['普超英'],['女']
,
['童可可'],['女']
,
['朱元冰'],['男']
,
['艾一艾'],['女']
,
['刘奕宏'],['女']
,
['米卡埃尔・佩斯布兰特'],['男']
,
['王洪祥'],['男']
,
['卡勒姆・马洛尼'],['男']
,
['王昭'],['男']
,
['鞠帛展'],['女']
,
['苇青'],['女']
,
['倪睿思'],['女']
,
['启杰'],['男']
,
['长谷川真理'],['女']
,
['贾晨飞'],['男']
,
['王子腾'],['男']
,
['侯雨桐'],['女']
,
['张美娥'],['女']
,
['杨博'],['男']
,
['陈铮'],['男']
,
['陈木易'],['男']
,
['刘子漫'],['女']
,
['魏骏杰'],['男']
,
['王欢'],['男']
,
['詹思萌'],['女']
,
['牟林'],['男']
,
['薛皓文'],['男']
,
['田甜'],['男']
,
['刘家辉'],['男']
,
['许怀山'],['男']
,
['王丽云'],['女']
,
['王亚楠'],['女']
,
['柯彤'],['女']
,
['叶熙祺'],['女']
,
['关思慧'],['女']
,
['方清平'],['男']
,
['陈冲'],['女']
,
['王婧晶'],['女']
,
['詹智康'],['男']
,
['张鹏'],['男']
,
['周昕妤'],['女']
,
['李朵'],['男']
,
['王萌黎'],['女']
,
['李悦铭'],['男']
,
['赵永洪'],['男']
,
['林盛斌'],['男']
,
['曹骏'],['男']
,
['徐香颖'],['女']
,
['张珂'],['男']
,
['张珂影'],['女']
,
['刘卫华'],['男']
,
['黄榛'],['男']
,
['袁菲'],['女']
,
['吕艳蓓'],['女']
,
['Jeccica.C'],['女']
,
['李勇楠'],['女']
,
['李天涯'],['男']
,
['柯黎'],['女']
,
['柯衍昱'],['女']
,
['张洛晨'],['男']
,
['李渺然'],['女']
,
['李文骁'],['男']
,
['颜世魁'],['男']
,
['莫岐'],['男']
,
['石天'],['男']
,
['王美英'],['女']
,
['夏云飞'],['男']
,
['王坤'],['男']
,
['高英轩'],['男']
,
['黄礼丰'],['男']
,
['Sandhja'],['女']
,
['Petra Mede'],['女']
,
['付枚'],['女']
,
['亨利・伊安・库斯克'],['男']
,
['杰克逊・拉斯波恩'],['男']
,
['胡薇'],['女']
,
['王俊彭'],['男']
,
['侯迪'],['男']
,
['任欣羽'],['女']
,
['潘石屹'],['男']
,
['王亚斌'],['男']
,
['李炜'],['男']
,
['熊仔侠'],['男']
,
['吴佳尼'],['女']
,
['沈丹萍'],['女']
,
['娄宇健'],['男']
,
['约瑟夫・费因斯'],['男']
,
['刘洲成'],['男']
,
['计林'],['女']
,
['张远'],['男']
,
['赵禹晴'],['女']
,
['马雪阳'],['男']
,
['向海岚'],['女']
,
['袁成杰'],['男']
,
['Bia Gallo'],['女']
,
['Beto Brito'],['女']
,
['Rene Araneda'],['女']
,
['Fernando de Paula'],['女']
,
['陈泽宇'],['男']
,
['陆昱霖'],['男']
,
['吴静儿'],['男']
,
['林晨'],['女']
,
['袁媛'],['女']
,
['刘冲'],['女']
,
['严子贤'],['男']
,
['李晓语'],['男']
,
['代文雯'],['女']
,
['李翰臣'],['男']
,
['杜乔'],['女']
,
['庆媚'],['女']
,
['刘力扬'],['女']
,
['陈相丞'],['男']
,
['马德钟'],['男']
,
['李卓钊'],['男']
,
['翟敏仪'],['女']
,
['畅可欣'],['女']
,
['孔雀哥哥'],['男']
,
['景雪变'],['女']
,
['陈秀雯'],['女']
,
['吴俊余'],['男']
,
['卢冠东'],['男']
,
['郭秋成'],['男']
,
['郑淳元'],['男']
,
['韩红'],['女']
,
['胡彦斌'],['男']
,
['陈旭'],['男']
,
['张超'],['女']
,
['吴恙'],['女']
,
['陈烨'],['女']
,
['周帅'],['男']
,
['李玟'],['女']
,
['赵路'],['男']
,
['周永金'],['男']
,
['Rachel Pohl'],['女']
,
['Max Lowe'],['女']
,
['肖宗灵'],['男']
,
['王如男'],['女']
,
['侯静文'],['女']
,
['朱研'],['女']
,
['蔡鹏飞'],['男']
,
['尼古拉斯・霍尔特'],['男']
,
['郭彤彤'],['女']
,
['李雷'],['男']
,
['樊蕊'],['女']
,
['卢沁希'],['女']
,
['舒强'],['女']
,
['薛祺'],['男']
,
['尤靖茹'],['女']
,
['金珈'],['男']
,
['赵梁'],['女']
,
['魏晶'],['男']
,
['马歌'],['女']
,
['白威'],['男']
,
['周笑琴'],['女']
,
['桑坤'],['男']
,
['岳以恩'],['女']
,
['黄朋'],['男']
,
['铁政'],['男']
,
['陈芋米'],['女']
,
['张唯'],['男']
,
['马启光'],['男']
,
['安俐娜'],['女']
,
['李火火'],['男']
,
['高利虹'],['女']
,
['卢星宇'],['男']
,
['刘芷汐'],['女']
,
['姚洛铭'],['女']
,
['张斌'],['男']
,
['常宽'],['男']
,
['佟磊'],['男']
,
['贾娅'],['女']
,
['仇世有'],['男']
,
['雷振威'],['男']
,
['陈禹衡'],['男']
,
['陈楠'],['男']
,
['Sun Chen'],['女']
,
['Akon Lu'],['女']
,
['刘柳'],['男']
,
['马铭远'],['男']
,
['苏丽'],['女']
,
['王岚'],['女']
,
['杨林'],['女']
,
['刘晨霞'],['女']
,
['段冉'],['男']
,
['施彦'],['女']
,
['罗世平'],['男']
,
['宋维芝'],['女']
,
['萱萱'],['女']
,
['张亮'],['男']
,
['付宏'],['男']
,
['姬晨牧'],['男']
,
['周许晨阳'],['女']
,
['董洁'],['女']
,
['徐康'],['男']
,
['刘德凯'],['男']
,
['Wang Wugang'],['女']
,
['谢苗'],['男']
,
['Maomao Qu'],['女']
,
['陈野'],['男']
,
['胡睿'],['女']
,
['张继波'],['男']
,
['Qian Anhua'],['女']
,
['袁满'],['男']
,
['田家大'],['男']
,
['赵慧仙'],['女']
,
['鲍学滨'],['女']
,
['吴甜甜'],['女']
,
['吕俊哲'],['男']
,
['王岚'],['女']
,
['沙溢'],['男']
,
['廖京生'],['男']
,
['李耀景'],['男']
,
['徐亮'],['男']
,
['黄世超'],['男']
,
['大兵'],['男']
,
['吴明轩'],['男']
,
['俞小凡'],['女']
,
['顾'],['男']
,
['刘安琪'],['女']
,
['孙玮'],['男']
,
['贾雨萌'],['女']
,
['李东恒'],['男']
,
['鲁昕儿'],['女']
,
['张轶'],['男']
,
['朱锐'],['女']
,
['侯骏桀'],['男']
,
['赵彦民'],['男']
,
['韩冬'],['男']
,
['王君馨'],['女']
,
['邱凯伟'],['男']
,
['袁树一'],['女']
,
['高仁会'],['男']
,
['付诗雨'],['女']
,
['李春丽'],['女']
,
['耿懿'],['男']
,
['杨舒枫'],['男']
,
['关棋语'],['男']
,
['赵雨菁'],['女']
,
['徐箭'],['男']
,
['于芷晴'],['女']
,
['张奕'],['男']
,
['王曦'],['男']
,
['李O'],['女']
,
['漆子美'],['女']
,
['刘依桐'],['女']
,
['李佳羽'],['女']
,
['姚宏合美'],['女']
,
['中泉英雄'],['男']
,
['柯伊玟'],['女']
,
['王迎奇'],['男']
,
['钟一宪'],['男']
,
['郝诗雪'],['女']
,
['胡洪诚'],['男']
,
['李小萌'],['女']
,
['徐汶萱'],['女']
,
['俞瞳'],['男']
,
['陈昱翰'],['男']
,
['陈庄'],['女']
,
['房飞霖'],['男']
,
['金李'],['男']
,
['华雯'],['女']
,
['刘美人'],['女']
,
['张玉英'],['女']
,
['李兴文'],['男']
,
['马斯瑟'],['女']
,
['祁曼霏'],['女']
,
['杨博文'],['男']
,
['高山'],['男']
,
['费璇'],['女']
,
['穆丽燕'],['女']
,
['张京生'],['男']
,
['刘泯廷'],['男']
,
['祝涛'],['男']
,
['柏青'],['女']
,
['王长虹'],['男']
,
['高海宝'],['男']
,
['刘芳毓'],['女']
,
['回力'],['女']
,
['王龙'],['女']
,
['李振涛'],['男']
,
['尹淇'],['女']
,
['陈瑶'],['女']
,
['张雪'],['女']
,
['蒲萄'],['女']
,
['矢野浩二'],['男']
,
['罗忆楠'],['女']
,
['姚俊谊'],['女']
,
['王旭东'],['男']
,
['那家威'],['男']
,
['王心海'],['男']
,
['苏'],['女']
,
['付然'],['女']
,
['李虹辰'],['男']
,
['利晴天'],['男']
,
['姜涛'],['男']
,
['周大勇'],['男']
,
['周国宾'],['男']
,
['陈h丞'],['女']
,
['杨晓蓉'],['女']
,
['王红舟'],['男']
,
['吴承Z'],['男']
,
['梁愚'],['男']
,
['孙锂华'],['女']
,
['郭志桐'],['男']
,
['张逗逗'],['女']
,
['焦刚'],['男']
,
['金为珩'],['男']
,
['陈姝'],['女']
,
['王翊菲'],['女']
,
['汤怡'],['女']
,
['朱卫东'],['男']
,
['宫媛'],['女']
,
['椰琳'],['女']
,
['邵帅'],['男']
,
['郝宣凯'],['男']
,
['韩志硕'],['男']
,
['芝芙'],['女']
,
['张宇菲'],['女']
,
['王紫贝'],['女']
,
['陈嘉琳'],['女']
,
['赵泓飞'],['男']
